"","Study_No","No of arms","Study_year","Drug","Dose_range","No_randomised","Responders","Dropouts_total","Dropouts_sideeffects","N compimputed","Mean","SD","hayasaka_ddd","ddd","jakubovski_ddd","Dose_delivered_mean","type","logRR","selogRR","logRRdrop","selogRRdrop","logRRdropAE","selogRRdropAE","sameDrug","exc","excdrop","excdropAE","exc","excdrop","excdropAE"
"3",1,3,2001,"placebo","Licensed",149,69,40,4,147,15.9,8.6,0,0,0,0,"cc",0,NA,0,NA,0,NA,FALSE,FALSE,FALSE,FALSE,FALSE,FALSE,FALSE
"1",1,3,2001,"agomelatine","Licensed",133,68,22,3,129,14.5,8.2,18.75,20,20,25,"cc",0.0989983783025526,0.122345533582862,-0.484239823031915,0.237116720342727,-0.174084894728076,0.754389241005516,FALSE,FALSE,FALSE,FALSE,FALSE,FALSE,FALSE
"2",1,3,2001,"fluoxetine","Licensed",137,77,19,3,133,13.3,7.6,20,20,20,20,"cc",0.193664297373759,0.116056396382257,-0.660475094830162,0.252231836766104,-0.203716692334447,0.754534726745143,FALSE,FALSE,FALSE,FALSE,FALSE,FALSE,FALSE
"6",2,3,2001,"placebo","Licensed",137,63,22,5,137,13.8,8,0,0,0,0,"cc",0,NA,0,NA,0,NA,FALSE,FALSE,FALSE,FALSE,FALSE,FALSE,FALSE
"4",2,3,2001,"agomelatine","Licensed",142,71,23,6,141,13,8,18.75,20,20,25,"cc",0.0836990188766468,0.124963992098324,0.00860563079769802,0.273114047112175,0.146475425020819,0.593569829988475,FALSE,FALSE,FALSE,FALSE,FALSE,FALSE,FALSE
"5",2,3,2001,"paroxetine","Licensed",138,74,22,6,137,12.2,8.1,23.6,20,20,20,"cc",0.153657607483557,0.121823160778,-0.00727275932907981,0.276339363870774,0.175048797464875,0.593397859603555,FALSE,FALSE,FALSE,FALSE,FALSE,FALSE,FALSE
"13",5,3,2008,"placebo","Licensed",166,54,33,8,163,17.1,7.92,0,0,0,0,"cc",0,NA,0,NA,0,NA,TRUE,FALSE,FALSE,FALSE,FALSE,FALSE,FALSE
"11",5,3,2008,"agomelatine","Licensed",168,74,39,7,158,15,8.04,18.75,20,20,25,"cc",0.30310485559318,0.141617635533534,0.15507789361645,0.209684473927215,-0.145507583671238,0.505846484142392,TRUE,FALSE,FALSE,FALSE,FALSE,FALSE,FALSE
"12",5,3,2008,"agomelatine","Licensed",169,67,39,9,161,15.9,8.25,37.5,40,40,50,"cc",0.197797646260162,0.146637769704777,0.149143158096636,0.20976844327782,0.0998721090898533,0.473465790699028,TRUE,FALSE,FALSE,FALSE,FALSE,FALSE,FALSE
"16",6,3,2008,"placebo","Licensed",173,63,37,11,167,16.6,8.4,0,0,0,0,"cc",0,NA,0,NA,0,NA,TRUE,FALSE,FALSE,FALSE,FALSE,FALSE,FALSE
"14",6,3,2008,"agomelatine","Licensed",170,66,37,8,156,15.9,7.74,18.75,20,20,25,"cc",0.06401317308241,0.139146797528888,0.0174931574475171,0.205891608114727,-0.300960573671017,0.451936268899836,TRUE,FALSE,FALSE,FALSE,FALSE,FALSE,FALSE
"15",6,3,2008,"agomelatine","Licensed",168,80,37,10,161,14.1,7.74,37.5,40,40,50,"cc",0.268219523376869,0.128997240667487,0.0293276150945199,0.205721477441865,-0.0659825647098048,0.42329229042814,TRUE,FALSE,FALSE,FALSE,FALSE,FALSE,FALSE
"19",7,3,2002,"placebo","Licensed",158,91,21,4,158,13.4,8.4,0,0,0,0,"cc",0,NA,0,NA,0,NA,FALSE,FALSE,FALSE,FALSE,FALSE,FALSE,FALSE
"18",7,3,2002,"fluoxetine","Licensed",148,89,17,7,146,12.5,7.4,20,20,20,20,"cc",0.0431596224781414,0.0955986159124878,-0.145926334404355,0.305543297013705,0.624998547198275,0.616255849608209,FALSE,FALSE,FALSE,FALSE,FALSE,FALSE,FALSE
"17",7,3,2002,"agomelatine","Licensed",301,175,54,10,295,12.7,8.2,28.5,30.4,30.4,38,"cc",0.00941123568475526,0.0839757324650011,0.299946377118943,0.237668241625386,0.271775500152246,0.583394058025737,FALSE,FALSE,FALSE,FALSE,FALSE,FALSE,FALSE
"23",9,2,2001,"placebo","Licensed",109,50,19,2,105,-9.6,7.3,0,0,0,0,"cc",0,NA,0,NA,0,NA,FALSE,FALSE,FALSE,FALSE,FALSE,FALSE,FALSE
"22",9,2,2001,"agomelatine","Licensed",109,51,25,8,105,-10.6,8.1,18.75,20,20,25,"cc",0.0198026272961797,0.145805415825489,0.27443684570176,0.272548995768022,1.38629436111989,0.778878280700386,FALSE,FALSE,FALSE,FALSE,FALSE,FALSE,FALSE
"24",10,2,2001,"agomelatine","Licensed",167,106,35,11,163,-11.9,8.1,18.75,20,20,25,"cc",0,NA,0,NA,0,NA,FALSE,FALSE,FALSE,FALSE,FALSE,FALSE,FALSE
"25",10,2,2001,"paroxetine","Licensed",168,120,35,15,161,-14,7.5,23.6,20,20,20,"cc",0.118082481683475,0.0763340729491589,-0.00597016698650368,0.21260868335602,0.304184761317336,0.38162200234169,FALSE,FALSE,FALSE,FALSE,FALSE,FALSE,FALSE
"42",19,2,2004,"agomelatine","Licensed",165,126,16,7,165,9.9,6.6,37.5,40,40,50,"cc",0,NA,0,NA,0,NA,FALSE,FALSE,FALSE,FALSE,FALSE,FALSE,FALSE
"43",19,2,2004,"venlafaxine","Licensed",167,115,36,22,167,11,8.2,40.5,30,30,150,"cc",-0.103398117104403,0.0677017732243337,0.798881877700154,0.279694740324297,1.13308396578683,0.419836942513384,FALSE,FALSE,FALSE,FALSE,FALSE,FALSE,FALSE
"50",21,5,NA,"placebo","Licensed",139,63,35,9,136,15.34,8.87,0,0,0,0,"cc",0,NA,0,NA,0,NA,TRUE,FALSE,FALSE,FALSE,FALSE,FALSE,FALSE
"47",21,5,NA,"agomelatine","Extremely low",141,85,27,6,136,13.2,8.18,0.75,0.8,0.8,1,"cc",0.285230572851307,0.115547732861757,-0.273797152732561,0.226543643527221,-0.419751065355641,0.513314070128514,TRUE,FALSE,FALSE,FALSE,FALSE,FALSE,FALSE
"48",21,5,NA,"agomelatine","Extremely low",147,75,45,10,146,14.7,8.54,3.75,4,4,5,"cc",0.118394733496733,0.123326329360754,0.195355774632862,0.191824620684882,0.0494018620097819,0.443975388302504,TRUE,FALSE,FALSE,FALSE,FALSE,FALSE,FALSE
"49",21,5,NA,"agomelatine","Licensed",137,83,32,11,135,12.77,8.23,18.75,20,20,25,"cc",0.290198888707632,0.115877927004201,-0.0751191513871202,0.212903531896771,0.215163702764718,0.433043516684978,TRUE,FALSE,FALSE,FALSE,FALSE,FALSE,FALSE
"51",21,5,NA,"paroxetine","Licensed",147,81,34,10,144,13.09,8.37,23.6,20,20,20,"cc",0.195355774632861,0.119254891692583,-0.0849461905212968,0.209728938357488,0.0494018620097819,0.443975388302504,TRUE,FALSE,FALSE,FALSE,FALSE,FALSE,FALSE
"55",22,4,2009,"placebo","Licensed",141,35,15,0,141,18.7,7.3,0,0,0,0,"cc",0,NA,0,NA,0,NA,TRUE,FALSE,FALSE,TRUE,FALSE,FALSE,TRUE
"53",22,4,2009,"agomelatine","Extremely low",133,54,10,1,132,16.5,7,7.5,8,8,10,"cc",0.492046747231275,0.180219176326787,-0.34705434595175,0.389943163926008,1.1568105279111,1.62852967186765,TRUE,FALSE,FALSE,TRUE,FALSE,FALSE,TRUE
"52",22,4,2009,"agomelatine","Licensed",138,70,8,1,138,14,6.6,18.75,20,20,25,"cc",0.714653385780909,0.168874413289842,-0.607102454201411,0.421103421113522,1.12004168012401,1.62861269559432,TRUE,FALSE,FALSE,TRUE,FALSE,FALSE,TRUE
"119",53,2,1988,"placebo","Licensed",112,36,32,5,106,18.35,9.87,0,0,0,0,"cc",0,NA,0,NA,0,NA,FALSE,FALSE,FALSE,FALSE,FALSE,FALSE,FALSE
"118",53,2,1988,"bupropion","Licensed",112,56,25,6,110,14.52,8.77,33,20.1,20.1,300,"cc",0.441832752279039,0.166666666666667,-0.246860077931526,0.231068944566026,0.182321556793955,0.590600985276459,FALSE,FALSE,FALSE,FALSE,FALSE,FALSE,FALSE
"173",77,3,1984,"placebo","Licensed",24,7,14,NA,18,15.2,8.03,0,0,0,0,"cc",0,NA,0,NA,0,NA,TRUE,FALSE,FALSE,TRUE,FALSE,FALSE,TRUE
"171",77,3,1984,"bupropion","Extremely low",28,7,15,NA,21,16.1,8.03,16.5,10.05,10.05,150,"cc",-0.154150679827258,0.456435464587638,-0.085157808340307,0.246402690152291,NA,NA,TRUE,FALSE,FALSE,TRUE,FALSE,FALSE,TRUE
"172",77,3,1984,"bupropion","Licensed",25,8,16,NA,21,15.5,8.03,33,20.1,20.1,300,"cc",0.0927093981042675,0.431497944595888,0.0927093981042675,0.228608627925336,NA,NA,TRUE,FALSE,FALSE,TRUE,FALSE,FALSE,TRUE
"176",78,3,1985,"placebo","Licensed",43,14,24,0,39,20.5,11.6,0,0,0,0,"cc",0,NA,0,NA,0,NA,TRUE,FALSE,FALSE,TRUE,FALSE,FALSE,TRUE
"174",78,3,1985,"bupropion","Licensed",45,17,22,4,34,16.1,7.9,33,20.1,20.1,300,"cc",0.1486936403642,0.291159861012169,-0.132473751066387,0.204066596839124,2.15227318947395,1.47555267425364,TRUE,FALSE,FALSE,TRUE,FALSE,FALSE,TRUE
"175",78,3,1985,"bupropion","Licensed",40,21,24,7,36,15.1,10.5,49.5,30.15,30.15,450,"cc",0.477785769687791,0.266067294296256,0.0723206615796261,0.187289934005661,2.77950916508436,1.44417916809567,TRUE,FALSE,FALSE,TRUE,FALSE,FALSE,TRUE
"181",79,5,1993,"placebo","Licensed",124,38,39,7,116,-8.3,7.88,0,0,0,0,"cc",0,NA,0,NA,0,NA,TRUE,FALSE,FALSE,FALSE,FALSE,FALSE,FALSE
"177",79,5,1993,"bupropion","Extremely low",119,57,38,2,112,-10.5,8.01,11,6.7,6.7,100,"cc",0.446623180601672,0.165504597063758,0.0151825860902468,0.188385078074511,-1.21160489600186,0.791447575890894,TRUE,FALSE,FALSE,FALSE,FALSE,FALSE,FALSE
"178",79,5,1993,"bupropion","Low",120,45,42,9,114,-9.6,8.01,22,13.4,13.4,200,"cc",0.201866152866925,0.179276775499619,0.106897794976713,0.1818040153247,0.284104251103897,0.487411945386947,TRUE,FALSE,FALSE,FALSE,FALSE,FALSE,FALSE
"179",79,5,1993,"bupropion","Licensed",120,43,51,13,111,-9,8.38,33,20.1,20.1,300,"cc",0.156403778790168,0.182136635427382,0.30105380941767,0.169855878072897,0.651829031229214,0.450979345777447,TRUE,FALSE,FALSE,FALSE,FALSE,FALSE,FALSE
"180",79,5,1993,"bupropion","Licensed",119,47,43,12,111,-9.3,7.25,44,26.8,26.8,400,"cc",0.25371951447718,0.176421392537286,0.138796542057423,0.180080432365496,0.580154573226194,0.457954799862286,TRUE,FALSE,FALSE,FALSE,FALSE,FALSE,FALSE
"186",81,2,2001,"paroxetine","Licensed",71,36,18,5,66,10.3,7.3,23.6,20,20,20,"cc",0,NA,0,NA,0,NA,FALSE,FALSE,FALSE,FALSE,FALSE,FALSE,FALSE
"185",81,2,2001,"bupropion","Licensed",69,35,14,8,66,10.4,6.8,33,20.1,20.1,300,"cc",0.000402495477359719,0.166649169466171,-0.22274105583685,0.313698687148488,0.498577001689792,0.544447186910317,FALSE,FALSE,FALSE,FALSE,FALSE,FALSE,FALSE
"191",83,3,2012,"placebo","Licensed",187,86,NA,4,186,-13.9,10.5,0,0,0,0,"cc",0,NA,0,NA,0,NA,TRUE,FALSE,TRUE,FALSE,FALSE,TRUE,FALSE
"189",83,3,2012,"bupropion","Extremely low",190,98,NA,12,190,-14.4,10.61,16.5,10.05,10.05,150,"cc",0.114704727111165,0.10593034094051,NA,NA,1.08269683336221,0.568086773174406,TRUE,FALSE,TRUE,FALSE,FALSE,TRUE,FALSE
"190",83,3,2012,"bupropion","Licensed",192,82,NA,9,188,-12.9,10.42,33,20.1,20.1,300,"cc",-0.0740148041624497,0.115182906768941,NA,NA,0.784543461043134,0.592077008669388,TRUE,FALSE,TRUE,FALSE,FALSE,TRUE,FALSE
"196",85,3,NA,"placebo","Licensed",89,42,21,NA,88,-15.95,13.22,0,0,0,0,"cc",0,NA,0,NA,0,NA,TRUE,FALSE,FALSE,TRUE,FALSE,FALSE,TRUE
"194",85,3,NA,"citalopram","Licensed",88,48,23,NA,88,-17.94,12.91,20,20,1.2,20,"cc",0.144830947878456,0.148469746827564,0.10227133345966,0.26172068521383,NA,NA,TRUE,FALSE,FALSE,TRUE,FALSE,FALSE,TRUE
"195",85,3,NA,"citalopram","Licensed",97,50,23,NA,97,-16.04,13.53,40,40,2.4,40,"cc",0.0882787783735347,0.149212232751972,0.00489716943448369,0.263727274057724,NA,NA,TRUE,FALSE,FALSE,TRUE,FALSE,FALSE,TRUE
"199",86,3,1992,"placebo","Licensed",66,28,20,2,64,-10.56,7.76,0,0,0,0,"cc",0,NA,0,NA,0,NA,TRUE,FALSE,FALSE,FALSE,FALSE,FALSE,FALSE
"197",86,3,1992,"citalopram","Licensed",70,32,19,3,68,-11.51,7.76,20,20,1.2,20,"cc",0.0746908926015892,0.19371901372105,-0.110133794410484,0.270544542562106,0.346624608085231,0.896602533955879,TRUE,FALSE,FALSE,FALSE,FALSE,FALSE,FALSE
"198",86,3,1992,"citalopram","Licensed",64,35,15,3,61,-13.31,9.82,40,40,2.4,40,"cc",0.253915209980963,0.183055180571868,-0.256910413785027,0.293070216015124,0.436236766774918,0.895855355613739,TRUE,FALSE,FALSE,FALSE,FALSE,FALSE,FALSE
"203",87,4,1999,"placebo","Licensed",129,42,41,8,124,-9.31,7.46,0,0,0,0,"cc",0,NA,0,NA,0,NA,TRUE,FALSE,FALSE,FALSE,FALSE,FALSE,FALSE
"200",87,4,1999,"citalopram","Licensed",130,61,39,21,128,-9.94,7.51,20,20,1.2,20,"cc",0.365482199796033,0.1573490411654,-0.0577324666685717,0.185975869043973,0.957358849949677,0.396452773911652,TRUE,FALSE,FALSE,FALSE,FALSE,FALSE,FALSE
"201",87,4,1999,"citalopram","Licensed",131,80,39,21,120,-12.22,7.44,40,40,2.4,40,"cc",0.628972097551034,0.144651298088777,-0.0653953394141408,0.186133671786458,0.949695977204108,0.396526823617636,TRUE,FALSE,FALSE,FALSE,FALSE,FALSE,FALSE
"202",87,4,1999,"citalopram","High",129,73,50,21,110,-12.05,7.43,60,60,3.6,60,"cc",0.552789822865023,0.148338390100196,0.198450938723838,0.169959900957393,0.965080896043587,0.396377561991159,TRUE,FALSE,FALSE,FALSE,FALSE,FALSE,FALSE
"210",91,2,1996,"fluoxetine","Licensed",184,123,21,5,161,10.1,8.76,20,20,20,20,"cc",0,NA,0,NA,0,NA,FALSE,TRUE,TRUE,TRUE,TRUE,TRUE,TRUE
"211",91,2,1996,"citalopram","Licensed",173,120,24,11,153,9,8.66,20,20,1.2,20,"cc",0.0369515505208352,0.0724450495523431,0.195175555735729,0.279411139463353,0.850101523475477,0.528861003931644,FALSE,TRUE,TRUE,TRUE,TRUE,TRUE,TRUE
"212",92,2,1997,"fluoxetine","Licensed",158,109,45,12,149,11.3,9.64,20,20,20,20,"cc",0,NA,0,NA,0,NA,FALSE,FALSE,FALSE,FALSE,FALSE,FALSE,FALSE
"213",92,2,1997,"citalopram","Licensed",158,102,48,15,147,11.5,9.69,40,40,2.4,40,"cc",-0.0663750689448727,0.0794984631746532,0.0645385211375712,0.174348294248766,0.22314355131421,0.370596508553303,FALSE,FALSE,FALSE,FALSE,FALSE,FALSE,FALSE
"224",97,2,2004,"placebo","Licensed",8,NA,NA,NA,NA,NA,NA,0,0,0,0,"cc",0,NA,0,NA,0,NA,FALSE,TRUE,TRUE,TRUE,TRUE,TRUE,TRUE
"223",97,2,2004,"citalopram","Licensed",8,NA,NA,NA,NA,NA,NA,20,20,1.2,20,"cc",NA,NA,NA,NA,NA,NA,FALSE,TRUE,TRUE,TRUE,TRUE,TRUE,TRUE
"230",100,2,2006,"placebo","Licensed",130,51,8,3,130,13,6.9,0,0,0,0,"cc",0,NA,0,NA,0,NA,FALSE,FALSE,FALSE,FALSE,FALSE,FALSE,FALSE
"229",100,2,2006,"citalopram","Licensed",127,71,6,2,127,10.3,6.4,20,20,1.2,20,"cc",0.354201608313981,0.134632933337907,-0.26433470845479,0.525452512817598,-0.382117744111173,0.904304710754618,FALSE,FALSE,FALSE,FALSE,FALSE,FALSE,FALSE
"235",103,3,2004,"placebo","Licensed",126,47,28,7,124,-9.3,8.24,0,0,0,0,"cc",0,NA,0,NA,0,NA,TRUE,FALSE,FALSE,FALSE,FALSE,FALSE,FALSE
"236",103,3,2004,"desvenlafaxine","Extremely high",124,73,34,25,121,-12.6,8.25,80,80,80,200,"cc",0.456312180784774,0.137746875885179,0.210156355787399,0.221641662046259,1.28896601715933,0.40848025508169,TRUE,FALSE,FALSE,FALSE,FALSE,FALSE,FALSE
"237",103,3,2004,"desvenlafaxine","Extremely high",125,69,33,26,124,-12.1,8.24,160,160,160,400,"cc",0.391927072536378,0.140829121389581,0.172271220940453,0.223787417163718,1.32015455861535,0.40667207106239,TRUE,FALSE,FALSE,FALSE,FALSE,FALSE,FALSE
"240",104,3,2008,"placebo","Licensed",152,66,25,4,150,-9.53,7.1,0,0,0,0,"cc",0,NA,0,NA,0,NA,TRUE,FALSE,FALSE,FALSE,FALSE,FALSE,FALSE
"238",104,3,2008,"desvenlafaxine","Licensed",151,80,34,5,150,-11.5,7.1,20,20,20,50,"cc",0.198972576678808,0.120208365876933,0.314085383779313,0.237087116438599,0.229744235345562,0.660907358163977,TRUE,FALSE,FALSE,FALSE,FALSE,FALSE,FALSE
"239",104,3,2008,"desvenlafaxine","Licensed",148,75,31,11,147,-10.9,7.15,40,40,40,100,"cc",0.154501618592046,0.123081860400591,0.241779626699107,0.242739284811815,1.03826915876064,0.572340271852255,TRUE,FALSE,FALSE,FALSE,FALSE,FALSE,FALSE
"243",105,3,2004,"placebo","Licensed",161,80,13,5,161,-10.78,7.613146524,0,0,0,0,"cc",0,NA,0,NA,0,NA,TRUE,FALSE,FALSE,FALSE,FALSE,FALSE,FALSE
"241",105,3,2004,"desvenlafaxine","Licensed",166,107,17,8,164,-13.16,7.5556866,20,20,20,50,"cc",0.260218776415944,0.0980332488636258,0.237680563222599,0.351441787249433,0.439420205873655,0.559253720139825,TRUE,FALSE,FALSE,FALSE,FALSE,FALSE,FALSE
"242",105,3,2004,"desvenlafaxine","Licensed",158,100,20,11,158,-13.65,7.541883054,40,40,40,100,"cc",0.241952883271706,0.0997983263974189,0.449592248049951,0.338205237799184,0.807266692321766,0.52760666870389,TRUE,FALSE,FALSE,FALSE,FALSE,FALSE,FALSE
"253",108,4,2009,"placebo","Licensed",164,61,45,10,160,-8.7,7.76,0,0,0,0,"cc",0,NA,0,NA,0,NA,TRUE,FALSE,FALSE,FALSE,FALSE,FALSE,FALSE
"252",108,4,2009,"duloxetine","Licensed",159,74,46,20,157,-10.3,7.76,19.8,19.8,19.8,60,"cc",0.224153454634825,0.132363465445545,0.0529411323227421,0.177692103103358,0.724109406163912,0.37096243859492,TRUE,FALSE,FALSE,FALSE,FALSE,FALSE,FALSE
"250",108,4,2009,"desvenlafaxine","Licensed",155,58,44,8,148,-9.8,7.76,20,20,20,50,"cc",0.00601045727805997,0.145208980626062,0.0339684550528932,0.180000891860733,-0.166702240409258,0.460923883218438,TRUE,FALSE,FALSE,FALSE,FALSE,FALSE,FALSE
"251",108,4,2009,"desvenlafaxine","Licensed",160,74,57,11,150,-10.5,7.76,40,40,40,100,"cc",0.21788384162123,0.132511868000019,0.261081390654602,0.165585388533334,0.120002792394697,0.422565414975576,TRUE,FALSE,FALSE,FALSE,FALSE,FALSE,FALSE
"261",112,2,2011,"placebo","Licensed",146,65,39,6,142,-10.5,7.1,0,0,0,0,"cc",0,NA,0,NA,0,NA,FALSE,FALSE,FALSE,FALSE,FALSE,FALSE,FALSE
"260",112,2,2011,"desvenlafaxine","Licensed",291,174,60,15,285,-12.61,7.6,20,20,20,50,"cc",0.294951383855736,0.104144133949375,-0.258933729370702,0.178946782933812,0.226574086410999,0.47227914642508,FALSE,FALSE,FALSE,FALSE,FALSE,FALSE,FALSE
"263",113,2,2013,"placebo","Licensed",221,72,43,5,216,-8.1,7.76,0,0,0,0,"cc",0,NA,0,NA,0,NA,FALSE,FALSE,FALSE,FALSE,FALSE,FALSE,FALSE
"262",113,2,2013,"desvenlafaxine","Licensed",218,89,33,12,216,-9.9,7.76,20,20,20,50,"cc",0.225637889444748,0.126541697096008,-0.251024915498418,0.210824100651201,0.889136376082564,0.523661427348055,FALSE,FALSE,FALSE,FALSE,FALSE,FALSE,FALSE
"266",114,3,2013,"placebo","Licensed",235,81,26,6,231,14.6,12.26376777,0,0,0,0,"cc",0,NA,0,NA,0,NA,TRUE,FALSE,FALSE,FALSE,FALSE,FALSE,FALSE
"264",114,3,2013,"desvenlafaxine","Extremely high",237,97,33,8,232,14,12.32,10,10,10,25,"cc",0.171787196839972,0.11908076642021,0.229936396454026,0.245539895603407,0.279207445460809,0.532157813280074,TRUE,FALSE,FALSE,FALSE,FALSE,FALSE,FALSE
"265",114,3,2013,"desvenlafaxine","Licensed",237,109,22,8,236,13,12.31584345,20,20,20,50,"cc",0.288424100565733,0.114215859263565,-0.175528711654138,0.274665897927732,0.279207445460809,0.532157813280074,TRUE,FALSE,FALSE,FALSE,FALSE,FALSE,FALSE
"269",115,3,2013,"placebo","Licensed",227,85,32,5,223,14.70175439,6.549642335,0,0,0,0,"cc",0,NA,0,NA,0,NA,TRUE,FALSE,FALSE,FALSE,FALSE,FALSE,FALSE
"267",115,3,2013,"desvenlafaxine","Extremely low",228,99,30,2,226,13.82,6.86,4,4,4,10,"cc",0.148072982171235,0.114343625652985,-0.0689341326106094,0.236203476006261,-0.920686343347193,0.831389649168251,TRUE,FALSE,FALSE,FALSE,FALSE,FALSE,FALSE
"268",115,3,2013,"desvenlafaxine","Licensed",227,92,25,4,224,14.10526316,6.564311205,20,20,20,50,"cc",0.0791373205587238,0.117574225119792,-0.246860077931526,0.249878825258915,-0.22314355131421,0.664220917551364,TRUE,FALSE,FALSE,FALSE,FALSE,FALSE,FALSE
"270",116,3,2015,"placebo","Licensed",306,116,37,7,294,-9.71,6.862856548,0,0,0,0,"cc",0,NA,0,NA,0,NA,TRUE,FALSE,FALSE,FALSE,FALSE,FALSE,FALSE
"271",116,3,2015,"desvenlafaxine","Licensed",306,131,48,10,291,-11.28,6.733112208,20,20,20,50,"cc",0.121607132094787,0.0985815891990673,0.260283098263667,0.203284068849337,0.356674943938733,0.486128784525998,TRUE,FALSE,FALSE,FALSE,FALSE,FALSE,FALSE
"272",116,3,2015,"desvenlafaxine","Licensed",312,143,59,16,301,-11.67,6.667293304,40,40,40,100,"cc",0.189836353296441,0.0956064568261059,0.447201445404393,0.193657113238999,0.807260487327366,0.445964169856509,TRUE,FALSE,FALSE,FALSE,FALSE,FALSE,FALSE
"273",117,2,NA,"desvenlafaxine","Extremely high",72,29,20,9,63,-9.2,8.73,80,80,80,200,"cc",0,NA,0,NA,0,NA,TRUE,FALSE,FALSE,FALSE,FALSE,FALSE,FALSE
"274",117,2,NA,"desvenlafaxine","Extremely high",77,30,19,11,72,-9.3,7.64,160,160,160,400,"cc",-0.0332377511619472,0.202336823337032,-0.118432597225179,0.275237492125376,0.133531392624523,0.418502449388651,TRUE,FALSE,FALSE,FALSE,FALSE,FALSE,FALSE
"275",118,4,2004,"placebo","Licensed",120,34,22,4,118,-7.7,6.84,0,0,0,0,"cc",0,NA,0,NA,0,NA,TRUE,FALSE,FALSE,FALSE,FALSE,FALSE,FALSE
"276",118,4,2004,"desvenlafaxine","Licensed",118,50,27,15,114,-10.5,7.04,40,40,40,100,"cc",0.402469599128366,0.180565376252931,0.221601530962395,0.256288261313433,1.3385629582987,0.547593605753525,TRUE,FALSE,FALSE,FALSE,FALSE,FALSE,FALSE
"277",118,4,2004,"desvenlafaxine","Extremely high",116,46,26,11,116,-9.6,7.1,80,80,80,200,"cc",0.336182423548615,0.184923963163672,0.200955636338848,0.258770286021363,1.04550246335416,0.569170508653238,TRUE,FALSE,FALSE,FALSE,FALSE,FALSE,FALSE
"278",118,4,2004,"desvenlafaxine","Extremely high",116,50,35,19,113,-10.5,7.12,160,160,160,400,"cc",0.419564032487666,0.180160322261525,0.498207159806779,0.238897365070166,1.59204616972223,0.534488125180403,TRUE,FALSE,FALSE,FALSE,FALSE,FALSE,FALSE
"283",120,3,2001,"placebo","Licensed",75,28,31,NA,72,-7.1,6.96,0,0,0,0,"cc",0,NA,0,NA,0,NA,FALSE,FALSE,FALSE,TRUE,FALSE,FALSE,TRUE
"284",120,3,2001,"fluoxetine","Licensed",37,15,14,NA,37,-7.63,7,20,20,20,20,"cc",0.0824158918190921,0.249039338299378,-0.0883596739778015,0.251647125126317,NA,NA,FALSE,FALSE,FALSE,TRUE,FALSE,FALSE,TRUE
"287",121,4,2001,"placebo","Licensed",90,24,29,3,89,-4.78,6.41510717,0,0,0,0,"cc",0,NA,0,NA,0,NA,TRUE,FALSE,FALSE,FALSE,FALSE,FALSE,FALSE
"285",121,4,2001,"duloxetine","Licensed",91,24,30,11,90,-6.18,6.451046427,13.2,13.2,13.2,40,"cc",-0.0110498361865849,0.24745345265971,0.0228517154890963,0.213812931914561,1.28823314794368,0.634146908959038,TRUE,FALSE,FALSE,FALSE,FALSE,FALSE,FALSE
"288",121,4,2001,"paroxetine","Licensed",89,38,31,10,87,-7.4,6.435891547,23.6,20,20,20,"cc",0.470705629976565,0.213624413335789,0.0778646750967974,0.210698260480545,1.21514610492406,0.641082106415428,TRUE,FALSE,FALSE,FALSE,FALSE,FALSE,FALSE
"286",121,4,2001,"duloxetine","Licensed",84,28,28,13,81,-6.31,6.3,26.4,26.4,26.4,80,"cc",0.22314355131421,0.233163203282764,0.0339015516756812,0.217212272487312,1.53532994028038,0.622286539498114,TRUE,FALSE,FALSE,FALSE,FALSE,FALSE,FALSE
"291",122,4,2001,"placebo","Licensed",89,27,37,10,88,-4.99,7.598473531,0,0,0,0,"cc",0,NA,0,NA,0,NA,TRUE,FALSE,FALSE,FALSE,FALSE,FALSE,FALSE
"289",122,4,2001,"duloxetine","Licensed",86,37,31,10,84,-7.42,7.332121112,13.2,13.2,13.2,40,"cc",0.349370120118527,0.202978328969228,-0.142641634680446,0.190843468607736,0.0342890734786322,0.420875442342596,TRUE,FALSE,FALSE,FALSE,FALSE,FALSE,FALSE
"292",122,4,2001,"paroxetine","Licensed",87,34,38,10,84,-6.22,7.51542414,23.6,20,20,20,"cc",0.253251909689388,0.209089918009397,0.0493964981597174,0.174964592335044,0.0227282510775561,0.421034193469197,TRUE,FALSE,FALSE,FALSE,FALSE,FALSE,FALSE
"290",122,4,2001,"duloxetine","Licensed",91,44,38,10,86,-8.61,7.511630981,26.4,26.4,26.4,80,"cc",0.466129631129222,0.1937507257254,0.00444511029745113,0.176402523948838,-0.0222231367847102,0.42163376756945,TRUE,FALSE,FALSE,FALSE,FALSE,FALSE,FALSE
"294",123,2,2002,"placebo","Licensed",122,27,36,3,115,-6.05,7.399425653,0,0,0,0,"cc",0,NA,0,NA,0,NA,FALSE,FALSE,FALSE,FALSE,FALSE,FALSE,FALSE
"293",123,2,2002,"duloxetine","Licensed",123,55,43,17,121,-10.91,7.7,19.8,19.8,19.8,60,"cc",0.703333008588981,0.197210680761887,0.169517866598292,0.186297582160847,1.72643774474895,0.613049802326703,FALSE,FALSE,FALSE,FALSE,FALSE,FALSE,FALSE
"296",124,2,2002,"placebo","Licensed",139,48,49,4,136,-8.29,7.813475539,0,0,0,0,"cc",0,NA,0,NA,0,NA,FALSE,FALSE,FALSE,FALSE,FALSE,FALSE,FALSE
"295",124,2,2002,"duloxetine","Licensed",128,62,50,16,123,-10.46,7.87428092,19.8,19.8,19.8,60,"cc",0.338377043348275,0.148174292598552,0.102646376528594,0.159378225178315,1.46873803033097,0.545429422928103,FALSE,FALSE,FALSE,FALSE,FALSE,FALSE,FALSE
"300",125,4,2004,"placebo","Licensed",93,41,18,3,93,-8.07,5.496880934,0,0,0,0,"cc",0,NA,0,NA,0,NA,TRUE,FALSE,FALSE,FALSE,FALSE,FALSE,FALSE
"299",125,4,2004,"paroxetine","Licensed",86,63,10,3,85,-10.83,5.531726674,23.6,20,20,20,"cc",0.507814856586973,0.133726080577678,-0.509534468002371,0.364931446174166,0.0782521968997481,0.80267432469083,TRUE,FALSE,FALSE,FALSE,FALSE,FALSE,FALSE
"297",125,4,2004,"duloxetine","Licensed",95,60,12,4,93,-10.22,5.496880934,26.4,26.4,26.4,80,"cc",0.359495097070508,0.140633945431354,-0.426742506555449,0.342942976203584,0.266404674004496,0.749702827373498,TRUE,FALSE,FALSE,FALSE,FALSE,FALSE,FALSE
"298",125,4,2004,"duloxetine","Licensed",93,66,9,3,93,-11.06,5.496880934,39.6,39.6,39.6,120,"cc",0.476082675322118,0.134299600557366,-0.693147180559945,0.381000381000571,0,0.803219328902499,TRUE,FALSE,FALSE,FALSE,FALSE,FALSE,FALSE
"301",126,2,2004,"duloxetine","Licensed",166,85,35,19,159,-11.32,6.556950511,19.8,19.8,19.8,60,"cc",0,NA,0,NA,0,NA,FALSE,FALSE,FALSE,FALSE,FALSE,FALSE,FALSE
"302",126,2,2004,"venlafaxine","Licensed",166,91,22,9,164,-12.03,6.531186722,40.5,30,30,150,"cc",0.0682082500265336,0.103467502628988,-0.464305608131098,0.248953371647965,-0.747214401830221,0.389479777764386,FALSE,FALSE,FALSE,FALSE,FALSE,FALSE,FALSE
"304",127,2,2004,"placebo","Licensed",104,19,24,9,102,-3.72,6.362688111,0,0,0,0,"cc",0,NA,0,NA,0,NA,FALSE,FALSE,FALSE,FALSE,FALSE,FALSE,FALSE
"303",127,2,2004,"duloxetine","Licensed",207,75,45,20,201,-6.49,6.805174502,19.8,19.8,19.8,60,"cc",0.684721240245874,0.226977112923134,-0.0597192347016223,0.22235688970461,0.110179802093775,0.382968417263526,FALSE,FALSE,FALSE,FALSE,FALSE,FALSE,FALSE
"305",128,3,2004,"duloxetine","Licensed",164,79,44,21,159,-10.76,7.061331319,19.8,19.8,19.8,60,"cc",0,NA,0,NA,0,NA,TRUE,FALSE,FALSE,FALSE,FALSE,FALSE,FALSE
"306",128,3,2004,"venlafaxine","Licensed",169,81,31,13,166,-10.73,7.0862543,20.25,15,15,75,"cc",-0.0050309848934577,0.113970110649782,-0.38023471653199,0.207293551526521,-0.509605367360761,0.33545104531541,TRUE,FALSE,FALSE,FALSE,FALSE,FALSE,FALSE
"307",128,3,2004,"venlafaxine","Licensed",171,89,37,12,166,-11.02,6.957413312,40.5,30,30,150,"cc",0.077391388586657,0.109309966207556,-0.215068849952498,0.194444813667826,-0.601412916613884,0.344973718941598,TRUE,FALSE,FALSE,FALSE,FALSE,FALSE,FALSE
"310",129,3,2005,"placebo","Licensed",137,50,40,8,137,-5.97,6.79,0,0,0,0,"cc",0,NA,0,NA,0,NA,FALSE,FALSE,FALSE,FALSE,FALSE,FALSE,FALSE
"309",129,3,2005,"duloxetine","Licensed",273,128,85,20,273,-7.61,6.94,19.8,19.8,19.8,60,"cc",0.250516389134636,0.129808421390924,0.0642809330195455,0.160631354804585,0.22679986251732,0.405015711132301,FALSE,FALSE,FALSE,FALSE,FALSE,FALSE,FALSE
"308",129,3,2005,"escitalopram","Licensed",274,121,66,14,274,-7.22,6.62,22.2,20,12,10,"cc",0.19062035960865,0.131588592592323,-0.192371892647456,0.170887711793523,-0.133531392624523,0.430673503154167,FALSE,FALSE,FALSE,FALSE,FALSE,FALSE,FALSE
"311",130,2,2005,"duloxetine","Licensed",238,144,72,20,238,-14.19,7.52,19.8,19.8,19.8,60,"cc",0,NA,0,NA,0,NA,FALSE,FALSE,FALSE,FALSE,FALSE,FALSE,FALSE
"312",130,2,2005,"paroxetine","Licensed",240,157,57,17,240,-13.52,7.52,23.6,20,20,20,"cc",0.0780642561017908,0.0703244186403359,-0.241983100852022,0.15186968492453,-0.170887179168292,0.316946654932386,FALSE,FALSE,FALSE,FALSE,FALSE,FALSE,FALSE
"316",131,4,2006,"placebo","Licensed",99,51,9,1,99,-10.13,5.571929648,0,0,0,0,"cc",0,NA,0,NA,0,NA,TRUE,FALSE,FALSE,FALSE,FALSE,FALSE,FALSE
"315",131,4,2006,"paroxetine","Licensed",97,59,11,1,97,-10.61,5.712337525,23.6,20,20,20,"cc",0.166120682812601,0.127069694373215,0.221079567093358,0.426157146565298,0.020408871631207,1.40697893074078,TRUE,FALSE,FALSE,FALSE,FALSE,FALSE,FALSE
"313",131,4,2006,"duloxetine","Licensed",93,60,10,2,93,-11.06,5.689753949,26.4,26.4,26.4,80,"cc",0.225039286479109,0.124180560197112,0.16788087263916,0.436185067188296,0.755667537541279,1.21620158761899,TRUE,FALSE,FALSE,FALSE,FALSE,FALSE,FALSE
"314",131,4,2006,"duloxetine","Licensed",103,69,13,2,102,-11.64,5.554727716,39.6,39.6,39.6,120,"cc",0.262671733777888,0.11954433819866,0.328115642030272,0.410151728106929,0.653538042464899,1.21663069665158,TRUE,FALSE,FALSE,FALSE,FALSE,FALSE,FALSE
"320",132,4,2009,"placebo","Licensed",146,56,15,5,145,-8.3,5.8,0,0,0,0,"cc",0,NA,0,NA,0,NA,FALSE,FALSE,FALSE,FALSE,FALSE,FALSE,FALSE
"318",132,4,2009,"duloxetine","Licensed",75,38,9,3,74,-10,6.4,19.8,19.8,19.8,60,"cc",0.278352977163263,0.154887972189582,0.155292884406035,0.39698253031582,0.155292884406035,0.71634536707618,FALSE,FALSE,FALSE,FALSE,FALSE,FALSE,FALSE
"322",133,2,2009,"placebo","Licensed",157,55,33,7,152,-10.26,9.17,0,0,0,0,"cc",0,NA,0,NA,0,NA,FALSE,FALSE,FALSE,FALSE,FALSE,FALSE,FALSE
"321",133,2,2009,"duloxetine","Licensed",151,70,46,20,141,-12.37,9.17,19.8,19.8,19.8,60,"cc",0.280128025350272,0.139554968237067,0.371099803555998,0.197611278600006,1.08878809303206,0.424105175103133,FALSE,FALSE,FALSE,FALSE,FALSE,FALSE,FALSE
"324",134,2,2014,"placebo","Licensed",121,NA,43,7,NA,NA,NA,0,0,0,0,"cc",0,NA,0,NA,0,NA,FALSE,TRUE,FALSE,FALSE,TRUE,FALSE,FALSE
"323",134,2,2014,"duloxetine","Licensed",249,NA,70,29,NA,NA,NA,19.8,19.8,19.8,60,"cc",NA,NA,-0.23436722451217,0.158937098162314,0.699723330063194,0.406274998505799,FALSE,TRUE,FALSE,FALSE,TRUE,FALSE,FALSE
"326",135,2,2008,"placebo","Licensed",127,45,NA,NA,NA,NA,7.52,0,0,0,0,"cc",0,NA,0,NA,0,NA,FALSE,FALSE,TRUE,TRUE,FALSE,TRUE,TRUE
"325",135,2,2008,"duloxetine","Licensed",257,113,NA,NA,NA,NA,7.52,19.8,19.8,19.8,60,"cc",0.215836330505392,0.138948599894555,NA,NA,NA,NA,FALSE,FALSE,TRUE,TRUE,FALSE,TRUE,TRUE
"328",136,2,2008,"placebo","Licensed",131,44,NA,NA,NA,NA,7.52,0,0,0,0,"cc",0,NA,0,NA,0,NA,FALSE,FALSE,TRUE,TRUE,FALSE,TRUE,TRUE
"327",136,2,2008,"duloxetine","Licensed",261,117,NA,NA,NA,NA,7.52,19.8,19.8,19.8,60,"cc",0.288661216757953,0.140745429281027,NA,NA,NA,NA,FALSE,FALSE,TRUE,TRUE,FALSE,TRUE,TRUE
"330",137,2,2010,"placebo","Licensed",44,NA,25,2,40,-14.16,13.66,0,0,0,0,"cc",0,NA,0,NA,0,NA,FALSE,TRUE,FALSE,FALSE,TRUE,FALSE,FALSE
"329",137,2,2010,"duloxetine","Licensed",47,NA,28,4,45,-14.03,13.22,19.8,19.8,19.8,60,"cc",NA,NA,0.0473707175152056,0.17807419027566,0.627189212768148,0.840235759491374,FALSE,TRUE,FALSE,FALSE,TRUE,FALSE,FALSE
"331",138,2,2012,"duloxetine","Licensed",140,86,32,NA,127,-13.8,6.6,19.8,19.8,19.8,60,"cc",0,NA,0,NA,0,NA,FALSE,FALSE,FALSE,TRUE,FALSE,FALSE,TRUE
"332",138,2,2012,"paroxetine","Licensed",141,74,36,NA,132,-12,7.1,23.6,20,20,20,"cc",-0.157399670818202,0.104433542340765,0.110665567887519,0.211642911653947,NA,NA,FALSE,FALSE,FALSE,TRUE,FALSE,FALSE,TRUE
"336",139,4,2000,"placebo","Licensed",127,32,36,3,119,-7.6,8.73,0,0,0,0,"cc",0,NA,0,NA,0,NA,TRUE,FALSE,FALSE,FALSE,FALSE,FALSE,FALSE
"333",139,4,2000,"escitalopram","Licensed",124,47,29,5,118,-10.2,7.6,22.2,20,12,10,"cc",0.408317219763887,0.191280066571551,-0.192317587616082,0.215225473681448,0.534731144619545,0.719301606738279,TRUE,FALSE,FALSE,FALSE,FALSE,FALSE,FALSE
"335",139,4,2000,"citalopram","Licensed",127,48,34,11,125,-9.9,10.06,40,40,2.4,40,"cc",0.405465108108164,0.19061820961616,-0.0571584138399485,0.203571881623168,1.29928298413026,0.639135660674916,TRUE,FALSE,FALSE,FALSE,FALSE,FALSE,FALSE
"334",139,4,2000,"escitalopram","Licensed",128,55,34,13,123,-11.7,8.87,44.4,40,24,20,"cc",0.533754104971718,0.183698945107986,-0.0650015913009745,0.203722916569611,1.4584938913324,0.628147987745228,TRUE,FALSE,FALSE,FALSE,FALSE,FALSE,FALSE
"344",142,2,2001,"fluoxetine","Licensed",14,NA,2,1,NA,NA,NA,40,40,40,40,"cc",0,NA,0,NA,0,NA,FALSE,TRUE,FALSE,FALSE,TRUE,FALSE,FALSE
"343",142,2,2001,"escitalopram","Licensed",16,NA,1,1,NA,NA,NA,44.4,40,24,20,"cc",NA,NA,-0.826678573184468,1.16879058371097,-0.133531392624523,1.36604224992181,FALSE,TRUE,FALSE,FALSE,TRUE,FALSE,FALSE
"349",145,2,2002,"escitalopram","Licensed",101,59,29,4,97,-14.9,9,44.4,40,24,20,"cc",0,NA,0,NA,0,NA,FALSE,FALSE,FALSE,FALSE,FALSE,FALSE,FALSE
"350",145,2,2002,"venlafaxine","Licensed",101,47,35,16,98,-12.9,9.1,60.75,45,45,225,"cc",-0.227389842195661,0.135734181726763,0.18805223150294,0.207971649496027,1.38629436111989,0.541015729717704,FALSE,FALSE,FALSE,FALSE,FALSE,FALSE,FALSE
"353",147,2,2002,"placebo","Licensed",189,79,29,2,189,16.7,9.1,0,0,0,0,"cc",0,NA,0,NA,0,NA,FALSE,FALSE,FALSE,FALSE,FALSE,FALSE,FALSE
"354",147,2,2002,"escitalopram","Licensed",191,104,31,9,188,14.3,9.1,22.2,20,12,10,"cc",0.264416633687364,0.108383601519048,0.0561649615116847,0.237095372691186,1.49355098378929,0.774973872931123,FALSE,FALSE,FALSE,FALSE,FALSE,FALSE,FALSE
"366",152,2,2005,"citalopram","Licensed",182,96,30,NA,174,14.2,9.85,20,20,1.2,20,"cc",0,NA,0,NA,0,NA,FALSE,FALSE,FALSE,TRUE,FALSE,FALSE,TRUE
"365",152,2,2005,"escitalopram","Licensed",175,104,25,NA,165,13.2,9.85,22.2,20,12,10,"cc",0.119263420826818,0.0939322099881615,-0.143100843640673,0.249247953100005,NA,NA,FALSE,FALSE,FALSE,TRUE,FALSE,FALSE,TRUE
"368",153,2,2005,"citalopram","Licensed",152,87,25,9,142,-20.3,9.96,40,40,2.4,40,"cc",0,NA,0,NA,0,NA,FALSE,FALSE,FALSE,FALSE,FALSE,FALSE,FALSE
"367",153,2,2005,"escitalopram","Licensed",142,105,10,4,138,-22.4,9.96,44.4,40,24,20,"cc",0.256105694747955,0.0860050086205735,-0.848237268629139,0.355497959361868,-0.742876752971313,0.589482748027085,FALSE,FALSE,FALSE,FALSE,FALSE,FALSE,FALSE
"371",154,3,2005,"placebo","Licensed",180,85,20,5,180,-15,9.96,0,0,0,0,"cc",0,NA,0,NA,0,NA,FALSE,FALSE,FALSE,FALSE,FALSE,FALSE,FALSE
"370",154,3,2005,"fluoxetine","Licensed",164,61,42,20,164,-14.8,9.96,20,20,20,20,"cc",-0.238686969250993,0.128471911226301,0.835027767795389,0.249311867504053,1.4793847841859,0.488207828151941,FALSE,FALSE,FALSE,FALSE,FALSE,FALSE,FALSE
"369",154,3,2005,"escitalopram","Licensed",174,78,30,17,173,-15.5,9.96,22.2,20,12,10,"cc",-0.0520408781250433,0.115249888115037,0.439366659783846,0.268385266624299,1.2576769832978,0.497514670556987,FALSE,FALSE,FALSE,FALSE,FALSE,FALSE,FALSE
"375",156,2,2006,"duloxetine","Licensed",151,81,37,26,146,11.19,6.66,19.8,19.8,19.8,60,"cc",0,NA,0,NA,0,NA,FALSE,FALSE,FALSE,FALSE,FALSE,FALSE,FALSE
"374",156,2,2006,"escitalopram","Licensed",144,94,31,13,141,9.93,6.66,44.4,40,24,20,"cc",0.196312164836489,0.0970413101928775,-0.129464170920154,0.213817984609387,-0.645680643321022,0.319088787618555,FALSE,FALSE,FALSE,FALSE,FALSE,FALSE,FALSE
"379",158,2,2006,"escitalopram","Extremely low",138,56,32,6,131,-13.2,9.16,8.88,8,4.8,4,"cc",0,NA,0,NA,0,NA,FALSE,FALSE,FALSE,FALSE,FALSE,FALSE,FALSE
"378",158,2,2006,"bupropion","Extremely low",138,51,34,11,133,-11.6,9.8,16.5,10.05,10.05,150,"cc",-0.0935260580108236,0.151565934072302,0.0606246218164348,0.214869753764214,0.606135803570315,0.493034485561172,FALSE,FALSE,FALSE,FALSE,FALSE,FALSE,FALSE
"380",159,2,2006,"escitalopram","Licensed",232,144,22,NA,228,-20.93,9.96,44.4,40,24,20,"cc",0,NA,0,NA,0,NA,FALSE,FALSE,FALSE,TRUE,FALSE,FALSE,TRUE
"381",159,2,2006,"paroxetine","Licensed",227,128,34,NA,223,-19.3,9.96,47.2,40,40,40,"cc",-0.0959956814714761,0.0777258854774,0.457105425442753,0.257197742970714,NA,NA,FALSE,FALSE,FALSE,TRUE,FALSE,FALSE,TRUE
"385",161,3,2007,"citalopram","Extremely low",111,47,5,NA,106,-20.11,8.24,10,10,0.6,10,"cc",0,NA,0,NA,0,NA,TRUE,FALSE,FALSE,TRUE,FALSE,FALSE,TRUE
"386",161,3,2007,"citalopram","Licensed",110,90,2,NA,108,-25.19,8.11,20,20,1.2,20,"cc",0.658711904140124,0.119531538749712,-0.907240896354237,0.825772415317975,NA,NA,TRUE,FALSE,FALSE,TRUE,FALSE,FALSE,TRUE
"384",161,3,2007,"escitalopram","Licensed",109,103,1,NA,108,-28.7,8.11,22.2,20,12,10,"cc",0.802763705602768,0.113145979482896,-1.59125559335091,1.08711392184278,NA,NA,TRUE,FALSE,FALSE,TRUE,FALSE,FALSE,TRUE
"387",162,2,2008,"fluoxetine","Licensed",117,89,17,5,113,9.4,7.4,20,20,20,20,"cc",0,NA,0,NA,0,NA,FALSE,FALSE,FALSE,FALSE,FALSE,FALSE,FALSE
"388",162,2,2008,"escitalopram","Licensed",123,94,15,6,118,8.9,6.5,22.2,20,12,10,"cc",0.00464799196320282,0.0720913523295176,-0.175173563528667,0.3298683165001,0.132311136219293,0.591599169048474,FALSE,FALSE,FALSE,FALSE,FALSE,FALSE,FALSE
"399",167,3,2011,"placebo","Licensed",105,66,19,5,100,9.3,6.6,0,0,0,0,"cc",0,NA,0,NA,0,NA,TRUE,FALSE,FALSE,FALSE,FALSE,FALSE,FALSE
"398",167,3,2011,"escitalopram","Licensed",100,68,13,2,96,8.7,6.5,22.2,20,12,10,"cc",0.0786431273191133,0.10165425707095,-0.330699457535472,0.331708978393163,-0.867500567704723,0.824909807479697,TRUE,FALSE,FALSE,FALSE,FALSE,FALSE,FALSE
"397",167,3,2011,"escitalopram","Licensed",105,65,23,14,101,9.9,7.7,44.4,40,24,20,"cc",-0.0152674721307884,0.10718447410195,0.191055236762709,0.277600829914672,1.02961941718116,0.502375310282017,TRUE,FALSE,FALSE,FALSE,FALSE,FALSE,FALSE
"400",168,4,2011,"placebo","Licensed",124,45,21,3,124,18.3,10.1,0,0,0,0,"cc",0,NA,0,NA,0,NA,TRUE,FALSE,FALSE,FALSE,FALSE,FALSE,FALSE
"401",168,4,2011,"escitalopram","Licensed",121,60,16,5,120,15.6,11,22.2,20,12,10,"cc",0.312173092460077,0.150199567076404,-0.247442695475346,0.306251642738611,0.535316643774287,0.719030148459982,TRUE,FALSE,FALSE,FALSE,FALSE,FALSE,FALSE
"402",168,4,2011,"escitalopram","Licensed",119,55,16,7,119,16.2,10.1,44.4,40,24,20,"cc",0.241828767955659,0.154713163403992,-0.230775642990134,0.306024786815509,0.888455932880711,0.678028464532947,TRUE,FALSE,FALSE,FALSE,FALSE,FALSE,FALSE
"409",171,2,2008,"placebo","Licensed",71,33,21,1,71,-13.4,9.27,0,0,0,0,"cc",0,NA,0,NA,0,NA,FALSE,FALSE,FALSE,FALSE,FALSE,FALSE,FALSE
"408",171,2,2008,"escitalopram","Licensed",140,97,12,2,140,-19,10.65,44.4,40,24,20,"cc",0.399240871468914,0.139229826073421,-1.23857833350341,0.331247666810304,0.0141846349919564,1.21604795785976,FALSE,FALSE,FALSE,FALSE,FALSE,FALSE,FALSE
"413",173,2,2008,"placebo","Licensed",106,NA,NA,3,NA,NA,NA,0,0,0,0,"cc",0,NA,0,NA,0,NA,FALSE,TRUE,TRUE,FALSE,TRUE,TRUE,FALSE
"412",173,2,2008,"escitalopram","Licensed",103,NA,NA,9,NA,NA,NA,22.2,20,12,10,"cc",NA,NA,NA,NA,1.12732239455054,0.652151626783385,FALSE,TRUE,TRUE,FALSE,TRUE,TRUE,FALSE
"415",174,2,2007,"placebo","Licensed",76,22,26,4,71,-7.7,7.57,0,0,0,0,"cc",0,NA,0,NA,0,NA,FALSE,FALSE,FALSE,FALSE,FALSE,FALSE,FALSE
"414",174,2,2007,"escitalopram","Licensed",84,30,24,3,81,-9.27,7.53,22.2,20,12,10,"cc",0.210071469746857,0.231787018933923,-0.180126166230519,0.234660496220819,-0.387765531008763,0.747175131205348,FALSE,FALSE,FALSE,FALSE,FALSE,FALSE,FALSE
"417",175,2,2009,"placebo","Licensed",99,31,14,3,94,-9.15,7.85,0,0,0,0,"cc",0,NA,0,NA,0,NA,FALSE,FALSE,FALSE,FALSE,FALSE,FALSE,FALSE
"416",175,2,2009,"escitalopram","Licensed",50,14,7,2,49,-9.84,6.93,44.4,40,24,20,"cc",-0.111833030163444,0.271266706109855,-0.0100503358535013,0.429167454712848,0.27763173659828,0.896232293120664,FALSE,FALSE,FALSE,FALSE,FALSE,FALSE,FALSE
"420",176,3,2009,"placebo","Licensed",220,54,53,7,215,-8.5,8.8,0,0,0,0,"cc",0,NA,0,NA,0,NA,TRUE,FALSE,FALSE,FALSE,FALSE,FALSE,FALSE
"418",176,3,2009,"escitalopram","Licensed",325,116,77,16,319,-11.5,8.93,22.2,20,12,10,"cc",0.374408508564714,0.139702650480631,-0.0166841276758139,0.155668108143374,0.436480937207092,0.444673773945311,TRUE,FALSE,FALSE,FALSE,FALSE,FALSE,FALSE
"419",176,3,2009,"escitalopram","High",332,123,93,23,318,-11.6,10.7,62.16,56,33.6,28,"cc",0.411692886244016,0.138170536226454,0.150800157037007,0.148536561028318,0.778076644309709,0.422821358245397,TRUE,FALSE,FALSE,FALSE,FALSE,FALSE,FALSE
"430",180,4,NA,"placebo","Licensed",56,21,19,5,56,-5.82,8.45,0,0,0,0,"cc",0,NA,0,NA,0,NA,TRUE,FALSE,FALSE,FALSE,FALSE,FALSE,FALSE
"429",180,4,NA,"fluoxetine","Licensed",107,41,37,8,103,-6.23,8.45,20,20,20,20,"cc",0.0215724852541278,0.211675114909194,0.0190017897510269,0.229032025543873,-0.177473514481021,0.545707854763273,TRUE,FALSE,FALSE,FALSE,FALSE,FALSE,FALSE
"428",180,4,NA,"fluoxetine","Licensed",105,39,43,21,99,-6.04,8.45,40,40,40,40,"cc",-0.00956945101615067,0.214194119618445,0.188152477104748,0.220241777417238,0.806475865866949,0.469295317724453,TRUE,FALSE,FALSE,FALSE,FALSE,FALSE,FALSE
"427",180,4,NA,"fluoxetine","Licensed",104,34,51,24,97,-5.39,8.45,60,60,60,60,"cc",-0.137201121513485,0.222616901542543,0.368347445151662,0.211581886304324,0.949576709507622,0.462811126912631,TRUE,FALSE,FALSE,FALSE,FALSE,FALSE,FALSE
"434",181,4,NA,"placebo","Licensed",48,11,21,6,48,-5.69,8.65,0,0,0,0,"cc",0,NA,0,NA,0,NA,TRUE,FALSE,FALSE,FALSE,FALSE,FALSE,FALSE
"433",181,4,NA,"fluoxetine","Licensed",100,37,38,8,97,-9.78,8.47,20,20,20,20,"cc",0.479053464765653,0.295131808863065,-0.140905453077238,0.207609016565752,-0.446287102628419,0.510718448201485,TRUE,FALSE,FALSE,FALSE,FALSE,FALSE,FALSE
"432",181,4,NA,"fluoxetine","Licensed",103,37,41,12,97,-9.58,8.44,40,40,40,40,"cc",0.449494662524109,0.295624841207073,-0.0944783483408601,0.203635017430882,-0.0703807967617995,0.468463369755405,TRUE,FALSE,FALSE,FALSE,FALSE,FALSE,FALSE
"431",181,4,NA,"fluoxetine","Licensed",105,30,58,30,103,-7.2,9.03,60,60,60,60,"cc",0.220542769614152,0.306407051787783,0.233161233573364,0.185750596425017,0.826678573184468,0.411877235523957,TRUE,FALSE,FALSE,FALSE,FALSE,FALSE,FALSE
"482",205,2,1994,"placebo","Licensed",43,17,10,0,43,-8.52,7.76,0,0,0,0,"cc",0,NA,0,NA,0,NA,FALSE,FALSE,FALSE,TRUE,FALSE,FALSE,TRUE
"481",205,2,1994,"fluoxetine","Licensed",46,25,14,2,45,-12.3,7.76,20,20,20,20,"cc",0.318221200016452,0.232009881305719,0.26903095582568,0.355575065267941,1.54274653793543,1.53476581858888,FALSE,FALSE,FALSE,TRUE,FALSE,FALSE,TRUE
"484",206,2,1995,"placebo","Licensed",32,13,NA,1,32,10.7,7.1,0,0,0,0,"cc",0,NA,0,NA,0,NA,FALSE,FALSE,TRUE,FALSE,FALSE,TRUE,FALSE
"483",206,2,1995,"fluoxetine","Licensed",36,23,NA,2,36,8.4,6.8,20,20,20,20,"cc",0.452761822811229,0.24773687657445,NA,NA,0.575364144903562,1.20040502424066,FALSE,FALSE,TRUE,FALSE,FALSE,TRUE,FALSE
"488",208,2,1995,"placebo","Licensed",72,10,9,4,70,-6.4,6.7,0,0,0,0,"cc",0,NA,0,NA,0,NA,FALSE,FALSE,FALSE,FALSE,FALSE,FALSE,FALSE
"487",208,2,1995,"fluoxetine","Licensed",72,14,12,3,72,-8.6,6.3,20,20,20,20,"cc",0.336472236621213,0.379012920163408,0.287682072451781,0.408248290463863,-0.287682072451781,0.74535599249993,FALSE,FALSE,FALSE,FALSE,FALSE,FALSE,FALSE
"498",213,2,2000,"placebo","Licensed",35,9,12,4,35,NA,NA,0,0,0,0,"cc",0,NA,0,NA,0,NA,FALSE,FALSE,FALSE,FALSE,FALSE,FALSE,FALSE
"497",213,2,2000,"fluoxetine","Licensed",35,17,5,1,35,NA,NA,20,20,20,20,"cc",0.635988766719997,0.33584487993718,-0.8754687373539,0.475594865605671,-1.38629436111989,1.09217999563128,FALSE,FALSE,FALSE,FALSE,FALSE,FALSE,FALSE
"505",216,2,2004,"placebo","Licensed",10,3,NA,NA,10,14,8.59,0,0,0,0,"cc",0,NA,0,NA,0,NA,FALSE,FALSE,TRUE,TRUE,FALSE,TRUE,TRUE
"504",216,2,2004,"fluoxetine","Licensed",10,6,NA,NA,10,6,8.59,20,20,20,20,"cc",0.693147180559945,0.547722557505166,NA,NA,NA,NA,FALSE,FALSE,TRUE,TRUE,FALSE,TRUE,TRUE
"507",217,2,2010,"placebo","Licensed",14,NA,NA,NA,NA,NA,NA,0,0,0,0,"cc",0,NA,0,NA,0,NA,FALSE,TRUE,TRUE,TRUE,TRUE,TRUE,TRUE
"506",217,2,2010,"fluoxetine","Licensed",14,NA,NA,NA,NA,NA,NA,20,20,20,20,"cc",NA,NA,NA,NA,NA,NA,FALSE,TRUE,TRUE,TRUE,TRUE,TRUE,TRUE
"512",219,3,2013,"placebo","Licensed",260,72,14,3,259,-6.91,7.89,0,0,0,0,"cc",0,NA,0,NA,0,NA,TRUE,FALSE,FALSE,FALSE,FALSE,FALSE,FALSE
"510",219,3,2013,"fluoxetine","Licensed",169,40,15,8,168,-6.18,7.39,20,20,20,20,"cc",-0.157003748809665,0.170662167100449,0.499775787579406,0.358234454632397,1.41161216910418,0.669753700791467,TRUE,FALSE,FALSE,FALSE,FALSE,FALSE,FALSE
"511",219,3,2013,"fluoxetine","Licensed",84,15,7,4,83,-6.25,7.02,40,40,40,40,"cc",-0.438751085741631,0.25456755450104,0.436717651612269,0.445572439155294,1.417546904624,0.753380659150749,TRUE,FALSE,FALSE,FALSE,FALSE,FALSE,FALSE
"513",220,2,2005,"placebo","Licensed",43,15,22,0,43,12.6,6.4,0,0,0,0,"cc",0,NA,0,NA,0,NA,FALSE,FALSE,FALSE,TRUE,FALSE,FALSE,TRUE
"514",220,2,2005,"fluoxetine","Licensed",47,15,23,2,47,13.3,7.3,20,20,20,20,"cc",-0.0889474860164962,0.29799483826933,-0.0444957234456624,0.210714016206662,1.52146913948814,1.53491330786919,FALSE,FALSE,FALSE,TRUE,FALSE,FALSE,TRUE
"516",221,2,2005,"placebo","Licensed",58,23,6,2,55,15.5,6.7,0,0,0,0,"cc",0,NA,0,NA,0,NA,FALSE,FALSE,FALSE,FALSE,FALSE,FALSE,FALSE
"515",221,2,2005,"fluoxetine","Licensed",57,20,9,4,54,14.9,8.4,20,20,20,20,"cc",-0.12237019966329,0.242266427534022,0.422856850820033,0.492942733812266,0.710538923271815,0.845703707595357,FALSE,FALSE,FALSE,FALSE,FALSE,FALSE,FALSE
"518",222,2,2005,"placebo","Licensed",26,11,NA,NA,26,10.6,8.04,0,0,0,0,"cc",0,NA,0,NA,0,NA,FALSE,FALSE,TRUE,TRUE,FALSE,TRUE,TRUE
"517",222,2,2005,"fluoxetine","Licensed",20,11,NA,NA,20,6.6,5.1,20,20,20,20,"cc",0.262364264467491,0.305543193929505,NA,NA,NA,NA,FALSE,FALSE,TRUE,TRUE,FALSE,TRUE,TRUE
"558",242,2,2003,"fluoxetine","Licensed",94,54,20,NA,91,11.3,7.52,20,20,20,20,"cc",0,NA,0,NA,0,NA,FALSE,FALSE,FALSE,TRUE,FALSE,FALSE,TRUE
"557",242,2,2003,"fluvoxamine","Licensed",90,53,24,NA,86,10,7.52,28,20,20,100,"cc",0.0247929789275862,0.125048126988647,0.225806668733694,0.264418716590212,NA,NA,FALSE,FALSE,FALSE,TRUE,FALSE,FALSE,TRUE
"559",243,2,2005,"fluvoxamine","Licensed",40,29,1,1,39,7.56,12.31,56,40,40,200,"cc",0,NA,0,NA,0,NA,FALSE,FALSE,FALSE,FALSE,FALSE,FALSE,FALSE
"560",243,2,2005,"sertraline","Licensed",48,28,3,3,45,11.27,11.33,61.5,60,25.5,150,"cc",-0.217412876605225,0.156088792043638,0.916290731874155,1.13468057179102,0.916290731874155,1.13468057179102,FALSE,FALSE,FALSE,FALSE,FALSE,FALSE,FALSE
"568",247,4,1996,"placebo","Licensed",200,NA,77,22,NA,NA,NA,0,0,0,0,"cc",0,NA,0,NA,0,NA,TRUE,TRUE,FALSE,FALSE,TRUE,FALSE,FALSE
"565",247,4,1996,"fluvoxamine","Licensed",101,NA,42,20,NA,NA,NA,14,10,10,50,"cc",NA,NA,0.0770610461364617,0.147971438789811,0.587886669902452,0.283819582403215,TRUE,TRUE,FALSE,FALSE,TRUE,FALSE,FALSE
"566",247,4,1996,"fluvoxamine","Licensed",100,NA,39,27,NA,NA,NA,28,20,20,100,"cc",NA,NA,0.012903404835908,0.153714145829324,0.897941593205959,0.259791421127763,TRUE,TRUE,FALSE,FALSE,TRUE,FALSE,FALSE
"567",247,4,1996,"fluvoxamine","Licensed",99,NA,50,29,NA,NA,NA,42,30,30,150,"cc",NA,NA,0.271415099987909,0.133738561701563,0.979450893041605,0.254629719346004,TRUE,TRUE,FALSE,FALSE,TRUE,FALSE,FALSE
"573",250,4,2011,"placebo","Licensed",179,51,41,3,175,-8.4,8.86,0,0,0,0,"cc",0,NA,0,NA,0,NA,TRUE,FALSE,FALSE,FALSE,FALSE,FALSE,FALSE
"574",250,4,2011,"levomilnacipran","Licensed",181,64,51,13,176,-9.6,9.15,26.8,26.8,26.8,40,"cc",0.215946225210275,0.155310621272439,0.207142340594947,0.18134672035212,1.45522584336836,0.631779198928855,TRUE,FALSE,FALSE,FALSE,FALSE,FALSE,FALSE
"575",250,4,2011,"levomilnacipran","Licensed",181,66,60,26,177,-10.5,9.18,53.6,53.6,53.6,80,"cc",0.246717883877029,0.153778750910345,0.369661270092722,0.17304755563683,2.1483730239283,0.600569244748387,TRUE,FALSE,FALSE,FALSE,FALSE,FALSE,FALSE
"576",250,4,2011,"levomilnacipran","Licensed",183,73,66,12,176,-10.8,9.42,80.4,80.4,80.4,120,"cc",0.3365334614234,0.149182439385986,0.453982328321452,0.168791842222503,1.36419401411922,0.636879575440741,TRUE,FALSE,FALSE,FALSE,FALSE,FALSE,FALSE
"579",252,3,2012,"placebo","Licensed",189,57,35,3,185,-11.3,10.47,0,0,0,0,"cc",0,NA,0,NA,0,NA,TRUE,FALSE,FALSE,FALSE,FALSE,FALSE,FALSE
"580",252,3,2012,"levomilnacipran","Licensed",190,83,45,12,185,-14.6,10.75,26.8,26.8,26.8,40,"cc",0.370512282861204,0.137977857768792,0.246037371180062,0.200597825531357,1.38101730401905,0.637269568927408,TRUE,FALSE,FALSE,FALSE,FALSE,FALSE,FALSE
"581",252,3,2012,"levomilnacipran","Licensed",189,73,47,19,187,-14.4,10.8,53.6,53.6,53.6,80,"cc",0.247408173313841,0.143737535821714,0.294799540220645,0.198156538459115,1.84582669049833,0.61268499385793,TRUE,FALSE,FALSE,FALSE,FALSE,FALSE,FALSE
"584",254,3,1989,"milnacipran","Licensed",47,23,15,NA,42,11.4,7.9,10,10,10,50,"cc",0,NA,0,NA,0,NA,TRUE,FALSE,FALSE,TRUE,FALSE,FALSE,TRUE
"585",254,3,1989,"milnacipran","Licensed",48,30,9,NA,44,9.2,6.7,20,20,20,100,"cc",0.244649756535173,0.18628382947772,-0.531879032963823,0.368331167157714,NA,NA,TRUE,FALSE,FALSE,TRUE,FALSE,FALSE,TRUE
"590",256,3,1991,"milnacipran","Licensed",42,31,8,5,41,13.55,9.34,30,30,30,150,"cc",0,NA,0,NA,0,NA,TRUE,FALSE,FALSE,FALSE,FALSE,FALSE,FALSE
"591",256,3,1991,"milnacipran","Licensed",43,25,1,1,42,14.12,8.43,40,40,40,200,"cc",-0.23864187702714,0.158722168436286,-2.10297203909003,1.03823632292315,-1.63296840984429,1.07374795098151,TRUE,FALSE,FALSE,FALSE,FALSE,FALSE,FALSE
"589",256,3,1991,"fluvoxamine","Licensed",41,22,6,5,37,14.69,10.59,56,40,40,200,"cc",-0.31884719954777,0.171793021565812,-0.26358452087272,0.49342365058305,0.0240975515790605,0.593127500869785,TRUE,FALSE,FALSE,FALSE,FALSE,FALSE,FALSE
"592",257,2,1994,"milnacipran","Licensed",97,32,23,4,NA,NA,NA,20,20,20,100,"cc",0,NA,0,NA,0,NA,FALSE,TRUE,TRUE,TRUE,TRUE,TRUE,TRUE
"593",257,2,1994,"fluoxetine","Licensed",93,43,18,6,75,14.2,11.6,20,20,20,20,"cc",0.337575698243963,0.182876590713327,-0.203010972682858,0.279234399568825,0.447576593458291,0.628971144126746,FALSE,TRUE,TRUE,TRUE,TRUE,TRUE,TRUE
"596",259,3,1998,"milnacipran","Licensed",100,57,48,6,92,-14.8,9.8,20,20,20,100,"cc",0,NA,0,NA,0,NA,TRUE,FALSE,FALSE,FALSE,FALSE,FALSE,FALSE
"598",259,3,1998,"fluoxetine","Licensed",100,51,50,12,100,-12.1,10,20,20,20,20,"cc",-0.111225635110224,0.130964509644322,0.0408219945202552,0.144337567297406,0.693147180559945,0.479583152331272,TRUE,FALSE,FALSE,FALSE,FALSE,FALSE,FALSE
"597",259,3,1998,"milnacipran","Licensed",100,52,51,10,96,-12.9,11.4,40,40,40,200,"cc",-0.0918075492531227,0.129516905768676,0.0606246218164348,0.142972642385137,0.510825623765991,0.496655480858378,TRUE,FALSE,FALSE,FALSE,FALSE,FALSE,FALSE
"600",260,2,2001,"milnacipran","Licensed",57,40,15,1,57,12.1,11.1,20,20,20,100,"cc",0,NA,0,NA,0,NA,FALSE,FALSE,FALSE,FALSE,FALSE,FALSE,FALSE
"599",260,2,2001,"fluvoxamine","Licensed",56,32,17,4,56,15.5,12.4,56,40,40,200,"cc",-0.205443974214809,0.144391819344914,0.142862720053407,0.300148619140861,1.40399393821929,1.10208847081064,FALSE,FALSE,FALSE,FALSE,FALSE,FALSE,FALSE
"603",262,2,2004,"milnacipran","Licensed",149,86,29,17,148,11.9,7.52,20,20,20,100,"cc",0,NA,0,NA,0,NA,FALSE,FALSE,FALSE,FALSE,FALSE,FALSE,FALSE
"604",262,2,2004,"paroxetine","Licensed",153,91,33,20,151,11.4,7.52,23.6,20,20,20,"cc",0.0300205948163659,0.0967964919682719,0.10272011603303,0.227020773973063,0.136027314050799,0.30915396213436,FALSE,FALSE,FALSE,FALSE,FALSE,FALSE,FALSE
"605",263,3,2013,"milnacipran","Licensed",303,167,63,26,249,9.2,6,20,20,20,100,"cc",0,NA,0,NA,0,NA,TRUE,FALSE,FALSE,FALSE,FALSE,FALSE,FALSE
"606",263,3,2013,"milnacipran","Licensed",301,171,54,18,255,9.6,6.4,40,40,40,200,"cc",0.0302922848463981,0.072203794908953,-0.147528139066765,0.166640166893575,-0.361102239364824,0.295625616021139,TRUE,FALSE,FALSE,FALSE,FALSE,FALSE,FALSE
"665",289,2,2005,"fluoxetine","Licensed",18,8,3,2,NA,NA,7.52,20,20,20,20,"cc",0,NA,0,NA,0,NA,FALSE,FALSE,FALSE,FALSE,FALSE,FALSE,FALSE
"664",289,2,2005,"mirtazapine","Licensed",18,12,2,1,NA,NA,7.52,23.7,20.1,20.1,30,"cc",0.405465108108164,0.311804782231162,-0.405465108108164,0.849836585598797,-0.693147180559945,1.17851130197758,FALSE,FALSE,FALSE,FALSE,FALSE,FALSE,FALSE
"668",291,2,2006,"mirtazapine","Licensed",130,72,39,22,127,-11.6,6.2,35.55,30.15,30.15,45,"cc",0,NA,0,NA,0,NA,FALSE,FALSE,FALSE,FALSE,FALSE,FALSE,FALSE
"669",291,2,2006,"venlafaxine","Licensed",128,62,47,29,115,-12.3,6.2,60.75,45,45,225,"cc",-0.134027547434999,0.120470384139197,0.202090142116378,0.177236603706454,0.291757563164123,0.253835569577881,FALSE,FALSE,FALSE,FALSE,FALSE,FALSE,FALSE
"673",292,4,2009,"placebo","Licensed",70,37,15,2,70,-10.4,7.5,0,0,0,0,"cc",0,NA,0,NA,0,NA,TRUE,FALSE,FALSE,FALSE,FALSE,FALSE,FALSE
"670",292,4,2009,"mirtazapine","Licensed",70,45,16,5,65,-13.3,6.8,11.85,10.05,10.05,15,"cc",0.195744577126095,0.143797846568788,0.0645385211375712,0.317167523708273,0.916290731874155,0.819407451411428,TRUE,FALSE,FALSE,FALSE,FALSE,FALSE,FALSE
"671",292,4,2009,"mirtazapine","Licensed",70,45,16,5,66,-13.8,6.9,23.7,20.1,20.1,30,"cc",0.195744577126095,0.143797846568788,0.0645385211375712,0.317167523708273,0.916290731874155,0.819407451411428,TRUE,FALSE,FALSE,FALSE,FALSE,FALSE,FALSE
"672",292,4,2009,"mirtazapine","Licensed",71,41,17,1,69,-11.9,7.6,35.55,30.15,30.15,45,"cc",0.0884695190681269,0.151812547575944,0.11097850796205,0.311640778381879,-0.707331815551902,1.21310748850711,TRUE,FALSE,FALSE,FALSE,FALSE,FALSE,FALSE
"676",293,3,2001,"placebo","Licensed",72,24,21,3,59,13.2,7.73,0,0,0,0,"cc",0,NA,0,NA,0,NA,FALSE,FALSE,FALSE,FALSE,FALSE,FALSE,FALSE
"674",293,3,2001,"mirtazapine","Licensed",210,78,75,23,NA,NA,NA,35.55,30.15,30.15,45,"cc",0.108213584640233,0.189305007425545,0.202524264111474,0.20567349683804,0.966440515559627,0.598465371222183,FALSE,FALSE,FALSE,FALSE,FALSE,FALSE,FALSE
"675",293,3,2001,"fluoxetine","Licensed",210,80,42,12,179,12.3,7.08,60,60,60,60,"cc",0.133531392624523,0.188456554717189,-0.377294231141468,0.22973414586817,0.315852949418477,0.630884991908884,FALSE,FALSE,FALSE,FALSE,FALSE,FALSE,FALSE
"681",294,5,1990,"placebo","Licensed",30,7,12,4,28,-9.6,7.7,0,0,0,0,"cc",0,NA,0,NA,0,NA,TRUE,FALSE,FALSE,FALSE,FALSE,FALSE,FALSE
"677",294,5,1990,"mirtazapine","Extremely low",30,7,15,6,29,-6.8,7.7,3.95,3.35,3.35,5,"cc",0,0.468025233344976,0.22314355131421,0.288675134594813,0.405465108108164,0.591607978309962,TRUE,FALSE,FALSE,FALSE,FALSE,FALSE,FALSE
"678",294,5,1990,"mirtazapine","Licensed",30,8,15,7,30,-7.6,7.7,11.85,10.05,10.05,15,"cc",0.133531392624523,0.44854261357253,0.22314355131421,0.288675134594813,0.559615787935423,0.571130874835599,TRUE,FALSE,FALSE,FALSE,FALSE,FALSE,FALSE
"679",294,5,1990,"mirtazapine","Licensed",30,10,18,12,28,-7.3,7.7,23.7,20.1,20.1,30,"cc",0.356674943938732,0.419750492781696,0.405465108108164,0.268741924943285,1.09861228866811,0.516397779494322,TRUE,FALSE,FALSE,FALSE,FALSE,FALSE,FALSE
"680",294,5,1990,"mirtazapine","Extremely high",30,8,23,15,30,-8.1,7.7,47.4,40.2,40.2,60,"cc",0.133531392624523,0.44854261357253,0.650587566141149,0.245244627945714,1.32175583998232,0.5,TRUE,FALSE,FALSE,FALSE,FALSE,FALSE,FALSE
"685",295,4,1998,"placebo","Licensed",70,19,22,5,66,17.8,9,0,0,0,0,"cc",0,NA,0,NA,0,NA,TRUE,FALSE,FALSE,FALSE,FALSE,FALSE,FALSE
"682",295,4,1998,"mirtazapine","Licensed",70,30,20,8,69,15.6,9.7,11.85,10.05,10.05,15,"cc",0.456758402495715,0.23956937139224,-0.0953101798043249,0.258617704117713,0.470003629245736,0.5444525428617,TRUE,FALSE,FALSE,FALSE,FALSE,FALSE,FALSE
"683",295,4,1998,"mirtazapine","Licensed",70,27,24,13,69,14.6,8.2,23.7,20.1,20.1,30,"cc",0.351397886837889,0.24717845256611,0.0870113769896299,0.241970625386189,0.955511445027436,0.498348922294057,TRUE,FALSE,FALSE,FALSE,FALSE,FALSE,FALSE
"684",295,4,1998,"mirtazapine","Licensed",70,28,27,15,69,15.5,8.7,35.55,30.15,30.15,45,"cc",0.387765531008764,0.24448811032487,0.204794412646013,0.232207135807998,1.09861228866811,0.487950036474267,TRUE,FALSE,FALSE,FALSE,FALSE,FALSE,FALSE
"690",298,2,2003,"mirtazapine","Licensed",140,70,39,22,127,-12.6,7,35.55,30.15,30.15,45,"cc",0,NA,0,NA,0,NA,FALSE,FALSE,FALSE,FALSE,FALSE,FALSE,FALSE
"691",298,2,2003,"venlafaxine","Licensed",135,56,47,29,115,-11.7,7.6,60.75,45,45,225,"cc",-0.186775907143335,0.132637070959037,0.222953599751287,0.179909301692386,0.312621020799033,0.25570889606146,FALSE,FALSE,FALSE,FALSE,FALSE,FALSE,FALSE
"696",301,2,2013,"mirtazapine","Licensed",24,NA,NA,NA,NA,17.25,3.03,23.7,20.1,20.1,30,"cc",0,NA,0,NA,0,NA,FALSE,TRUE,TRUE,TRUE,TRUE,TRUE,TRUE
"697",301,2,2013,"citalopram","Licensed",28,NA,NA,NA,NA,20.64,3,40,40,2.4,40,"cc",NA,NA,NA,NA,NA,NA,FALSE,TRUE,TRUE,TRUE,TRUE,TRUE,TRUE
"746",322,3,NA,"placebo","Licensed",NA,NA,NA,NA,NA,NA,NA,0,0,0,0,"cc",0,NA,0,NA,0,NA,FALSE,TRUE,TRUE,TRUE,TRUE,TRUE,TRUE
"745",322,3,NA,"fluoxetine","Licensed",NA,NA,NA,NA,NA,NA,NA,20,20,20,20,"cc",NA,NA,NA,NA,NA,NA,FALSE,TRUE,TRUE,TRUE,TRUE,TRUE,TRUE
"766",332,2,1986,"placebo","Licensed",10,5,4,1,10,15.6,5.61,0,0,0,0,"cc",0,NA,0,NA,0,NA,FALSE,FALSE,FALSE,FALSE,FALSE,FALSE,FALSE
"765",332,2,1986,"paroxetine","Licensed",19,12,7,6,19,13.7,5.61,35.4,30,30,30,"cc",0.233614851181505,0.36152697601419,-0.0822380982369722,0.490128109691512,1.14990558305566,1.00699309219046,FALSE,FALSE,FALSE,FALSE,FALSE,FALSE,FALSE
"797",347,2,1988,"placebo","Licensed",25,5,5,NA,22,-6.2,7.2,0,0,0,0,"cc",0,NA,0,NA,0,NA,FALSE,FALSE,FALSE,TRUE,FALSE,FALSE,TRUE
"796",347,2,1988,"paroxetine","Licensed",22,3,10,NA,19,-6,5.9,35.4,30,30,30,"cc",-0.382992252256106,0.669237467479809,0.82098055206983,0.463190516467527,NA,NA,FALSE,FALSE,FALSE,TRUE,FALSE,FALSE,TRUE
"813",354,2,1991,"fluoxetine","Licensed",87,54,33,5,87,-16.85,11.1,20,20,20,20,"cc",0,NA,0,NA,0,NA,FALSE,FALSE,FALSE,FALSE,FALSE,FALSE,FALSE
"812",354,2,1991,"paroxetine","Licensed",89,53,25,6,89,-16.76,10.92,23.6,20,20,20,"cc",-0.0414203840897087,0.121062938660341,-0.300359987675835,0.218111949175847,0.159593305716398,0.586460960965795,FALSE,FALSE,FALSE,FALSE,FALSE,FALSE,FALSE
"817",356,2,1992,"fluoxetine","Licensed",62,35,9,5,61,-15.7,9.5,20,20,20,20,"cc",0,NA,0,NA,0,NA,FALSE,FALSE,FALSE,FALSE,FALSE,FALSE,FALSE
"816",356,2,1992,"paroxetine","Licensed",60,41,7,5,60,-16.4,8.4,23.6,20,20,20,"cc",0.191013828037885,0.14200694894665,-0.218524605457915,0.470289862790516,0.0327898228229908,0.605973845207257,FALSE,FALSE,FALSE,FALSE,FALSE,FALSE,FALSE
"828",360,5,1992,"placebo","Licensed",53,20,19,2,51,-9.25,8.45,0,0,0,0,"cc",0,NA,0,NA,0,NA,TRUE,FALSE,FALSE,FALSE,FALSE,FALSE,FALSE
"824",360,5,1992,"paroxetine","Extremely low",105,30,34,11,100,-8.01,8.45,11.8,10,10,10,"cc",-0.278203328497237,0.234396244170469,-0.10174689115568,0.231628171000721,1.02107965563302,0.750011571148725,TRUE,FALSE,FALSE,FALSE,FALSE,FALSE,FALSE
"825",360,5,1992,"paroxetine","Licensed",106,48,41,16,104,-11.37,8.45,23.6,20,20,20,"cc",0.182321556793955,0.206231536242352,0.0759859069779223,0.220725929734942,1.38629436111989,0.730888577833549,TRUE,FALSE,FALSE,FALSE,FALSE,FALSE,FALSE
"826",360,5,1992,"paroxetine","Licensed",104,45,44,24,99,-9.98,8.45,35.4,30,30,30,"cc",0.136831230627078,0.209138502142804,0.16565166916257,0.216507603864055,1.81080766419875,0.716368171768526,TRUE,FALSE,FALSE,FALSE,FALSE,FALSE,FALSE
"827",360,5,1992,"paroxetine","Licensed",106,42,41,18,100,-9.9,8.45,47.2,40,40,40,"cc",0.048790164169432,0.213325190770033,0.0759859069779223,0.220725929734942,1.50407739677627,0.726122351097322,TRUE,FALSE,FALSE,FALSE,FALSE,FALSE,FALSE
"838",365,2,1989,"placebo","Licensed",21,3,14,3,20,-4.5,8.8,0,0,0,0,"cc",0,NA,0,NA,0,NA,FALSE,FALSE,FALSE,FALSE,FALSE,FALSE,FALSE
"837",365,2,1989,"paroxetine","Licensed",21,7,10,2,21,-8.8,10.5,35.4,30,30,30,"cc",0.847297860387204,0.617213399848368,-0.336472236621213,0.276026223736942,-0.405465108108164,0.859124692984225,FALSE,FALSE,FALSE,FALSE,FALSE,FALSE,FALSE
"840",366,2,1994,"fluoxetine","Licensed",70,32,27,8,68,12.6,9.07,20,20,20,20,"cc",0,NA,0,NA,0,NA,FALSE,FALSE,FALSE,FALSE,FALSE,FALSE,FALSE
"839",366,2,1994,"paroxetine","Licensed",68,33,21,6,64,12,9.6,23.6,20,20,20,"cc",0.0597591955400059,0.180447869658732,-0.222326891407654,0.235933227879053,-0.258694535578529,0.512518360674046,FALSE,FALSE,FALSE,FALSE,FALSE,FALSE,FALSE
"866",377,2,1998,"placebo","Licensed",70,20,NA,6,64,-9.5,8.16,0,0,0,0,"cc",0,NA,0,NA,0,NA,FALSE,FALSE,TRUE,FALSE,FALSE,TRUE,FALSE
"865",377,2,1998,"paroxetine","Licensed",72,33,NA,14,68,-13,7.15,23.6,20,20,20,"cc",0.472604410945793,0.228316506473858,NA,NA,0.819126983420507,0.458170966911518,FALSE,FALSE,TRUE,FALSE,FALSE,TRUE,FALSE
"873",381,5,2001,"placebo","Licensed",105,36,18,2,101,-12.1,11.05,0,0,0,0,"cc",0,NA,0,NA,0,NA,TRUE,FALSE,FALSE,FALSE,FALSE,FALSE,FALSE
"875",381,5,2001,"paroxetine","Extremely low",96,34,18,2,93,-11.9,10.61,14.75,12.5,12.5,12.5,"cc",0.0324537448497386,0.193000171743923,0.0896121586896871,0.301944754749333,0.0896121586896869,0.989979557268494,TRUE,FALSE,FALSE,FALSE,FALSE,FALSE,FALSE
"876",381,5,2001,"citalopram","Licensed",107,54,17,5,104,-15,10.2,20,20,1.2,20,"cc",0.386596623803782,0.165610061228065,-0.0760268981443315,0.309046082406795,0.897422247569772,0.825306243817207,TRUE,FALSE,FALSE,FALSE,FALSE,FALSE,FALSE
"874",381,5,2001,"paroxetine","Licensed",103,43,23,9,97,-13.8,10.83,29.5,25,25,25,"cc",0.19691253916534,0.17832847317066,0.264353819960873,0.282491183999136,1.52330875870416,0.769336443776859,TRUE,FALSE,FALSE,FALSE,FALSE,FALSE,FALSE
"877",381,5,2001,"citalopram","Licensed",100,48,26,5,95,-15.3,10.72,40,40,2.4,40,"cc",0.336472236621213,0.17054999732425,0.416514944294749,0.272934579145414,0.965080896043587,0.824909807479697,TRUE,FALSE,FALSE,FALSE,FALSE,FALSE,FALSE
"878",382,3,2002,"placebo","Licensed",149,72,36,6,142,-10,7.15,0,0,0,0,"cc",0,NA,0,NA,0,NA,TRUE,FALSE,FALSE,FALSE,FALSE,FALSE,FALSE
"879",382,3,2002,"paroxetine","Extremely low",156,82,29,1,151,-11.7,7.13,14.75,12.5,12.5,12.5,"cc",0.0841434269441199,0.11385229481165,-0.262132809773714,0.221672890972798,-1.83766917053213,1.07403212282521,TRUE,FALSE,FALSE,FALSE,FALSE,FALSE,FALSE
"880",382,3,2002,"paroxetine","Licensed",154,91,44,10,143,-12.4,7.17,29.5,25,25,25,"cc",0.201187091032625,0.108041584533087,0.167664398993981,0.193132427664468,0.477819327297821,0.503449849316878,TRUE,FALSE,FALSE,FALSE,FALSE,FALSE,FALSE
"886",385,2,2003,"placebo","Licensed",125,59,40,3,118,-10.9,7.8,0,0,0,0,"cc",0,NA,0,NA,0,NA,FALSE,FALSE,FALSE,FALSE,FALSE,FALSE,FALSE
"885",385,2,2003,"paroxetine","Licensed",125,57,64,13,117,-11.1,7.9,23.6,20,20,20,"cc",-0.0344861760711692,0.135989014966267,0.470003629245736,0.156923548264752,1.46633706879343,0.627898407591873,FALSE,FALSE,FALSE,FALSE,FALSE,FALSE,FALSE
"889",386,3,2004,"placebo","Licensed",180,71,53,13,178,-8.85,8.05,0,0,0,0,"cc",0,NA,0,NA,0,NA,TRUE,FALSE,FALSE,FALSE,FALSE,FALSE,FALSE
"887",386,3,2004,"paroxetine","Extremely low",168,83,39,10,161,-10.65,7.98,14.75,12.5,12.5,12.5,"cc",0.225153602242234,0.120932887608795,-0.237737395935524,0.181661811235579,-0.19337139298054,0.406712601741255,TRUE,FALSE,FALSE,FALSE,FALSE,FALSE,FALSE
"888",386,3,2004,"paroxetine","Licensed",177,100,39,14,173,-12.11,8,29.5,25,25,25,"cc",0.359297427263157,0.11348671275781,-0.289923149106094,0.182492950821799,0.0909150904701033,0.37033278990925,TRUE,FALSE,FALSE,FALSE,FALSE,FALSE,FALSE
"902",392,2,2012,"placebo","Licensed",156,97,41,3,156,-14.95,10.23,0,0,0,0,"cc",0,NA,0,NA,0,NA,FALSE,FALSE,FALSE,FALSE,FALSE,FALSE,FALSE
"901",392,2,2012,"paroxetine","Licensed",166,136,38,10,166,-19.11,10.3,35.4,30,30,30,"cc",0.275812126125663,0.0723039883491047,-0.138117688084928,0.195631491790879,1.14184102321893,0.648767277640862,FALSE,FALSE,FALSE,FALSE,FALSE,FALSE,FALSE
"904",393,2,1991,"placebo","Licensed",4,NA,1,1,NA,NA,NA,0,0,0,0,"cc",0,NA,0,NA,0,NA,FALSE,TRUE,FALSE,FALSE,TRUE,FALSE,FALSE
"903",393,2,1991,"paroxetine","Licensed",4,NA,1,1,NA,NA,NA,35.4,30,30,30,"cc",NA,NA,0,1.22474487139159,0,1.22474487139159,FALSE,TRUE,FALSE,FALSE,TRUE,FALSE,FALSE
"908",395,2,2003,"placebo","Licensed",155,NA,46,9,NA,NA,NA,0,0,0,0,"cc",0,NA,0,NA,0,NA,FALSE,TRUE,FALSE,FALSE,TRUE,FALSE,FALSE
"907",395,2,2003,"paroxetine","Licensed",154,NA,45,11,NA,NA,NA,23.6,20,20,20,"cc",NA,NA,-0.0155063922131578,0.176114261944547,0.207143209967768,0.434827647032097,FALSE,TRUE,FALSE,FALSE,TRUE,FALSE,FALSE
"910",396,2,2003,"placebo","Licensed",145,NA,45,8,NA,NA,NA,0,0,0,0,"cc",0,NA,0,NA,0,NA,FALSE,TRUE,FALSE,FALSE,TRUE,FALSE,FALSE
"909",396,2,2003,"paroxetine","Licensed",143,NA,43,14,NA,NA,NA,23.6,20,20,20,"cc",NA,NA,-0.0315732619160903,0.177731475711439,0.57350490009609,0.427245845750929,FALSE,TRUE,FALSE,FALSE,TRUE,FALSE,FALSE
"912",397,2,2003,"placebo","Licensed",161,76,48,8,154,-14,8.87,0,0,0,0,"cc",0,NA,0,NA,0,NA,FALSE,FALSE,FALSE,FALSE,FALSE,FALSE,FALSE
"911",397,2,2003,"paroxetine","Licensed",164,105,33,8,161,-17.25,8.05,23.6,20,20,20,"cc",0.304764947031457,0.101847744996236,-0.393155512281146,0.197047259652425,-0.0184620628397353,0.487535905242031,FALSE,FALSE,FALSE,FALSE,FALSE,FALSE,FALSE
"914",398,2,2007,"placebo","Licensed",79,40,22,5,76,-12.75,6.97,0,0,0,0,"cc",0,NA,0,NA,0,NA,FALSE,FALSE,FALSE,FALSE,FALSE,FALSE,FALSE
"913",398,2,2007,"paroxetine","Licensed",80,54,16,7,79,-16.1,7.4,23.6,20,20,20,"cc",0.287525810243478,0.135500150075257,-0.331032513325395,0.287743492726498,0.323893454414353,0.563647864370159,FALSE,FALSE,FALSE,FALSE,FALSE,FALSE,FALSE
"920",401,2,1990,"placebo","Licensed",28,5,16,1,28,29.5,13.3,0,0,0,0,"cc",0,NA,0,NA,0,NA,FALSE,FALSE,FALSE,FALSE,FALSE,FALSE,FALSE
"919",401,2,1990,"reboxetine","Licensed",28,20,4,1,28,12.6,10.3,34.8,25,25,10,"cc",1.38629436111989,0.422577127364258,-1.38629436111989,0.490990253030983,0,1.38873014965883,FALSE,FALSE,FALSE,FALSE,FALSE,FALSE,FALSE
"931",406,2,1998,"placebo","Licensed",85,30,10,1,NA,16.68,8.87,0,0,0,0,"cc",0,NA,0,NA,0,NA,FALSE,FALSE,FALSE,FALSE,FALSE,FALSE,FALSE
"930",406,2,1998,"reboxetine","Licensed",84,50,8,2,NA,11.6,7.64,27.84,20,20,8,"cc",0.522660081412993,0.172232010805827,-0.211309093667207,0.448698709840897,0.704981638206948,1.21504342811806,FALSE,FALSE,FALSE,FALSE,FALSE,FALSE,FALSE
"937",408,4,1999,"placebo","Licensed",87,39,20,7,86,-11.3,8.45,0,0,0,0,"cc",0,NA,0,NA,0,NA,TRUE,FALSE,FALSE,FALSE,FALSE,FALSE,FALSE
"934",408,4,1999,"reboxetine","Extremely low",87,33,28,9,86,-10,8.45,6.96,5,5,2,"cc",-0.167054084663166,0.181536635963459,0.336472236621213,0.250451152856519,0.251314428280906,0.480603524977842,TRUE,FALSE,FALSE,FALSE,FALSE,FALSE,FALSE
"935",408,4,1999,"reboxetine","Low",87,31,35,12,86,-8.6,8.45,13.92,10,10,4,"cc",-0.2295744416445,0.186843743299122,0.559615787935423,0.235760307991617,0.538996500732687,0.450779292385253,TRUE,FALSE,FALSE,FALSE,FALSE,FALSE,FALSE
"936",408,4,1999,"reboxetine","Licensed",89,38,27,15,88,-10.5,8.45,27.84,20,20,8,"cc",-0.0487037374808168,0.170957910565633,0.277376341372782,0.253587911989696,0.739411800969341,0.432196253563201,TRUE,FALSE,FALSE,FALSE,FALSE,FALSE,FALSE
"954",415,2,1989,"placebo","Licensed",24,9,7,3,23,15.09,8.52,0,0,0,0,"cc",0,NA,0,NA,0,NA,FALSE,FALSE,FALSE,FALSE,FALSE,FALSE,FALSE
"953",415,2,1989,"reboxetine","Licensed",26,14,6,1,24,14.38,8.94,27.84,20,20,8,"cc",0.361790044605503,0.320017932952948,-0.234193387500795,0.478952611847565,-1.17865499634165,1.1194664480033,FALSE,FALSE,FALSE,FALSE,FALSE,FALSE,FALSE
"1004",439,2,2007,"placebo","Licensed",50,35,15,NA,50,14,10.7,0,0,0,0,"cc",0,NA,0,NA,0,NA,FALSE,FALSE,FALSE,TRUE,FALSE,FALSE,TRUE
"1003",439,2,2007,"sertraline","Licensed",55,34,22,NA,55,13.7,9,82,80,34,200,"cc",-0.124297716677577,0.140717358898939,0.287682072451781,0.271917991202116,NA,NA,FALSE,FALSE,FALSE,TRUE,FALSE,FALSE,TRUE
"1006",440,2,2008,"placebo","Licensed",39,17,12,4,31,-10.18,7.57,0,0,0,0,"cc",0,NA,0,NA,0,NA,FALSE,FALSE,FALSE,FALSE,FALSE,FALSE,FALSE
"1005",440,2,2008,"sertraline","Licensed",43,25,14,4,30,-13.42,7.61,41,40,17,100,"cc",0.288024011248069,0.223442811066391,0.0565122102633424,0.325369121410423,-0.0976384695639159,0.671642137157494,FALSE,FALSE,FALSE,FALSE,FALSE,FALSE,FALSE
"1008",441,2,2012,"placebo","Licensed",30,5,4,NA,30,24.73,8.65,0,0,0,0,"cc",0,NA,0,NA,0,NA,FALSE,FALSE,FALSE,TRUE,FALSE,FALSE,TRUE
"1007",441,2,2012,"sertraline","Licensed",30,10,6,NA,30,21.67,13.14,20.5,20,8.5,50,"cc",0.693147180559945,0.483045891539648,0.405465108108164,0.591607978309962,NA,NA,FALSE,FALSE,FALSE,TRUE,FALSE,FALSE,TRUE
"1012",442,4,NA,"placebo","Licensed",26,NA,8,NA,NA,NA,NA,0,0,0,0,"cc",0,NA,0,NA,0,NA,TRUE,TRUE,FALSE,TRUE,TRUE,FALSE,TRUE
"1009",442,4,NA,"sertraline","Licensed",26,NA,9,NA,NA,NA,NA,20.5,20,8.5,50,"cc",NA,NA,0.117783035656383,0.398983751784498,NA,NA,TRUE,TRUE,FALSE,TRUE,TRUE,FALSE,TRUE
"1010",442,4,NA,"sertraline","Licensed",24,NA,10,NA,NA,NA,NA,41,40,17,100,"cc",NA,NA,0.303186258987746,0.380620276485364,NA,NA,TRUE,TRUE,FALSE,TRUE,TRUE,FALSE,TRUE
"1011",442,4,NA,"sertraline","Licensed",23,NA,12,NA,NA,NA,NA,82,80,34,200,"cc",NA,NA,0.528067430200497,0.355518683056502,NA,NA,TRUE,TRUE,FALSE,TRUE,TRUE,FALSE,TRUE
"1016",443,4,NA,"placebo","Licensed",91,22,45,4,86,-7.6,7.5,0,0,0,0,"cc",0,NA,0,NA,0,NA,TRUE,FALSE,FALSE,FALSE,FALSE,FALSE,FALSE
"1013",443,4,NA,"sertraline","Licensed",95,38,36,10,90,-10.6,8.6,20.5,20,8.5,50,"cc",0.503526321284379,0.224176288107697,-0.266160936397901,0.168774030056509,0.873273346790464,0.573135824409463,TRUE,FALSE,FALSE,FALSE,FALSE,FALSE,FALSE
"1014",443,4,NA,"sertraline","Licensed",92,34,45,15,89,-9.8,8.9,41,40,17,100,"cc",0.424389000725655,0.230234085126476,-0.0109290705321903,0.150285954892805,1.31082676945013,0.542962328767166,TRUE,FALSE,FALSE,FALSE,FALSE,FALSE,FALSE
"1015",443,4,NA,"sertraline","Licensed",91,27,52,33,82,-9.2,8.2,82,80,34,200,"cc",0.204794412646013,0.245995041644259,0.144581228811107,0.139552748002214,2.11021320034659,0.508256833033269,TRUE,FALSE,FALSE,FALSE,FALSE,FALSE,FALSE
"1020",444,4,NA,"placebo","Licensed",34,NA,8,NA,NA,NA,NA,0,0,0,0,"cc",0,NA,0,NA,0,NA,TRUE,TRUE,FALSE,TRUE,TRUE,FALSE,TRUE
"1017",444,4,NA,"sertraline","Licensed",33,NA,10,NA,NA,NA,NA,20.5,20,8.5,50,"cc",NA,NA,0.252996514463891,0.406552831734188,NA,NA,TRUE,TRUE,FALSE,TRUE,TRUE,FALSE,TRUE
"1018",444,4,NA,"sertraline","Licensed",35,NA,10,NA,NA,NA,NA,41,40,17,100,"cc",NA,NA,0.194156014440957,0.408676897711002,NA,NA,TRUE,TRUE,FALSE,TRUE,TRUE,FALSE,TRUE
"1019",444,4,NA,"sertraline","Licensed",37,NA,10,NA,NA,NA,NA,82,80,34,200,"cc",NA,NA,0.138586163286147,0.410562063843082,NA,NA,TRUE,TRUE,FALSE,TRUE,TRUE,FALSE,TRUE
"1094",478,3,NA,"placebo","Licensed",79,26,25,5,75,-9.49,8.2,0,0,0,0,"cc",0,NA,0,NA,0,NA,TRUE,FALSE,FALSE,FALSE,FALSE,FALSE,FALSE
"1092",478,3,NA,"venlafaxine","Licensed",76,28,19,9,72,-10.92,6.63,20.25,15,15,75,"cc",0.112822484334412,0.219908393634442,-0.23572233352107,0.258486859167783,0.626501177082809,0.534130123215465,TRUE,FALSE,FALSE,FALSE,FALSE,FALSE,FALSE
"1093",478,3,NA,"venlafaxine","Licensed",82,36,20,8,77,-11.83,9.77,54,40,40,200,"cc",0.288151005637396,0.20343541097851,-0.260414946111442,0.255238418347786,0.432732234448504,0.547856413853739,TRUE,FALSE,FALSE,FALSE,FALSE,FALSE,FALSE
"1098",479,4,NA,"placebo","Licensed",83,40,24,3,81,-13.1,10.63,0,0,0,0,"cc",0,NA,0,NA,0,NA,TRUE,FALSE,FALSE,FALSE,FALSE,FALSE,FALSE
"1095",479,4,NA,"venlafaxine","Licensed",83,48,17,5,82,-15.59,10.72,20.25,15,15,75,"cc",0.182321556793955,0.147434554264476,-0.344840486291729,0.276394302647979,0.510825623765991,0.713608399467919,TRUE,FALSE,FALSE,FALSE,FALSE,FALSE,FALSE
"1097",479,4,NA,"paroxetine","Licensed",81,35,28,7,80,-11.26,10.55,23.6,20,20,20,"cc",-0.109139939500363,0.170814392801071,0.178542132951418,0.230189227805131,0.871689313511363,0.672158169188656,TRUE,FALSE,FALSE,FALSE,FALSE,FALSE,FALSE
"1096",479,4,NA,"venlafaxine","Licensed",82,41,29,10,75,-14.63,10.62,40.5,30,30,150,"cc",0.0368139731227164,0.158577833192837,0.201363360170873,0.22782912580496,1.21609416485828,0.639601452946309,TRUE,FALSE,FALSE,FALSE,FALSE,FALSE,FALSE
"1107",484,2,1994,"fluoxetine","Licensed",34,17,12,7,34,17.39999962,11.6,40,40,40,40,"cc",0,NA,0,NA,0,NA,FALSE,FALSE,FALSE,FALSE,FALSE,FALSE,FALSE
"1108",484,2,1994,"venlafaxine","Licensed",34,24,6,3,33,11,10.3,54,40,40,200,"cc",0.34484048629173,0.204124145231932,-0.693147180559945,0.437237316097603,-0.847297860387204,0.646039431287837,FALSE,FALSE,FALSE,FALSE,FALSE,FALSE,FALSE
"1122",491,2,1997,"fluoxetine","Licensed",170,58,46,24,NA,NA,NA,20,20,20,20,"cc",0,NA,0,NA,0,NA,FALSE,FALSE,FALSE,FALSE,FALSE,FALSE,FALSE
"1123",491,2,1997,"venlafaxine","Licensed",171,67,47,36,NA,NA,NA,20.25,15,15,75,"cc",0.138384489392149,0.142956099160275,0.0156410857685655,0.176876849875592,0.399599988655766,0.240237670415973,FALSE,FALSE,FALSE,FALSE,FALSE,FALSE,FALSE
"1125",492,2,1998,"venlafaxine","Licensed",77,48,18,NA,59,8.98,8.09,40.5,30,30,150,"cc",0,NA,0,NA,0,NA,FALSE,FALSE,FALSE,TRUE,FALSE,FALSE,TRUE
"1124",492,2,1998,"fluvoxamine","Licensed",34,14,13,NA,21,10.47,11.09,56,40,40,200,"cc",-0.41469878405511,0.223300530830111,0.492022496802895,0.300133061800491,NA,NA,FALSE,FALSE,FALSE,TRUE,FALSE,FALSE,TRUE
"1129",494,2,1998,"venlafaxine","Licensed",183,130,47,22,175,-14.7,7.6,20.25,15,15,75,"cc",0,NA,0,NA,0,NA,FALSE,FALSE,FALSE,FALSE,FALSE,FALSE,FALSE
"1128",494,2,1998,"paroxetine","Licensed",178,117,52,29,161,-14.1,7.6,23.6,20,20,20,"cc",-0.0776579131084905,0.0718112653899749,0.128798719420705,0.171536895661089,0.303955979177494,0.26240206872818,FALSE,FALSE,FALSE,FALSE,FALSE,FALSE,FALSE
"1135",496,4,1998,"placebo","Licensed",95,32,NA,6,93,17.25,7.43,0,0,0,0,"cc",0,NA,0,NA,0,NA,TRUE,FALSE,TRUE,FALSE,FALSE,TRUE,FALSE
"1132",496,4,1998,"venlafaxine","Licensed",85,42,NA,24,83,13.69,7.47,20.25,15,15,75,"cc",0.383159350593866,0.181020722950985,NA,NA,1.49751999623012,0.431326224175515,TRUE,FALSE,TRUE,FALSE,FALSE,TRUE,FALSE
"1133",496,4,1998,"venlafaxine","Licensed",90,48,NA,19,89,14.99,7.45,40.5,30,30,150,"cc",0.45953232937844,0.174487553804701,NA,NA,1.20674673120866,0.4445906192369,TRUE,FALSE,TRUE,FALSE,FALSE,TRUE,FALSE
"1134",496,4,1998,"venlafaxine","Licensed",83,49,NA,26,81,13.16,7.47,54,40,40,200,"cc",0.561120679114843,0.170539305454045,NA,NA,1.60137335259737,0.427263029722497,TRUE,FALSE,TRUE,FALSE,FALSE,TRUE,FALSE
"1142",498,4,1998,"placebo","Licensed",92,27,38,5,92,-6.7,9.61,0,0,0,0,"cc",0,NA,0,NA,0,NA,TRUE,FALSE,FALSE,FALSE,FALSE,FALSE,FALSE
"1139",498,4,1998,"venlafaxine","Licensed",89,33,39,15,77,-11.1,9.76,20.25,15,15,75,"cc",0.233822902779052,0.212684148601856,0.0591276937201612,0.172775272655374,1.13176449598501,0.494531239046732,TRUE,FALSE,FALSE,FALSE,FALSE,FALSE,FALSE
"1140",498,4,1998,"venlafaxine","Licensed",89,42,44,21,79,-11.9,10.12,60.75,45,45,225,"cc",0.47498495959594,0.196827438567365,0.179755681508776,0.164126603350541,1.46823673260622,0.474882645866825,TRUE,FALSE,FALSE,FALSE,FALSE,FALSE,FALSE
"1141",498,4,1998,"venlafaxine","Licensed",88,40,43,26,75,-10.5,8.94,101.25,75,75,375,"cc",0.437494350680441,0.199508985902915,0.168065718538011,0.165343284853498,1.69311038815822,0.465003588029717,TRUE,FALSE,FALSE,FALSE,FALSE,FALSE,FALSE
"1158",505,2,NA,"venlafaxine","Licensed",58,43,10,2,NA,NA,NA,20.25,15,15,75,"cc",0,NA,0,NA,0,NA,FALSE,FALSE,FALSE,FALSE,FALSE,FALSE,FALSE
"1157",505,2,NA,"paroxetine","Licensed",56,29,10,3,NA,NA,NA,23.6,20,20,20,"cc",-0.358812965895818,0.150466110492331,0.03509131981127,0.406080629718425,0.440556427919435,0.893439875518127,FALSE,FALSE,FALSE,FALSE,FALSE,FALSE,FALSE
"1175",512,2,2010,"placebo","Licensed",16,NA,NA,NA,NA,NA,NA,0,0,0,0,"cc",0,NA,0,NA,0,NA,FALSE,TRUE,TRUE,TRUE,TRUE,TRUE,TRUE
"1174",512,2,2010,"venlafaxine","Licensed",17,NA,NA,NA,NA,NA,NA,40.5,30,30,150,"cc",NA,NA,NA,NA,NA,NA,FALSE,TRUE,TRUE,TRUE,TRUE,TRUE,TRUE
"1177",513,2,2010,"placebo","Licensed",15,NA,NA,NA,NA,NA,NA,0,0,0,0,"cc",0,NA,0,NA,0,NA,FALSE,TRUE,TRUE,TRUE,TRUE,TRUE,TRUE
"1176",513,2,2010,"venlafaxine","Licensed",18,NA,NA,NA,NA,NA,NA,40.5,30,30,150,"cc",NA,NA,NA,NA,NA,NA,FALSE,TRUE,TRUE,TRUE,TRUE,TRUE,TRUE
"1187",517,3,2011,"placebo","Licensed",184,NA,17,2,184,-9.25,6.51,0,0,0,0,"cc",0,NA,0,NA,0,NA,FALSE,TRUE,FALSE,FALSE,TRUE,FALSE,FALSE
"1185",517,3,2011,"venlafaxine","Licensed",174,NA,23,9,174,-10.76,6.6,20.25,15,15,75,"cc",NA,NA,0.35816133026739,0.301860698395556,1.55995785517073,0.774550968023173,FALSE,TRUE,FALSE,FALSE,TRUE,FALSE,FALSE
"1193",520,2,2007,"placebo","Licensed",205,65,51,10,199,-8.6,8.46,0,0,0,0,"cc",0,NA,0,NA,0,NA,FALSE,FALSE,FALSE,FALSE,FALSE,FALSE,FALSE
"1192",520,2,2007,"vilazodone","Licensed",205,88,53,19,198,-10.4,8.44,80,80,80,40,"cc",0.302949544582569,0.130353957313448,0.0384662808277961,0.169468787995256,0.641853886172395,0.377988731824631,FALSE,FALSE,FALSE,FALSE,FALSE,FALSE,FALSE
"1195",521,2,2009,"placebo","Licensed",241,76,46,4,232,-9.1,10.66,0,0,0,0,"cc",0,NA,0,NA,0,NA,FALSE,FALSE,FALSE,FALSE,FALSE,FALSE,FALSE
"1194",521,2,2009,"vilazodone","Licensed",240,102,47,12,231,-10.7,10.64,80,80,80,40,"cc",0.298397483146604,0.121019717589498,0.0256642153696274,0.186278506327047,1.10277029881677,0.570102875868299,FALSE,FALSE,FALSE,FALSE,FALSE,FALSE,FALSE
"1203",523,5,NA,"placebo","Licensed",99,42,NA,NA,99,-10.2,7.96,0,0,0,0,"cc",0,NA,0,NA,0,NA,FALSE,FALSE,TRUE,TRUE,FALSE,TRUE,TRUE
"1202",523,5,NA,"fluoxetine","Licensed",92,43,NA,NA,92,-11.1,7.67,20,20,20,20,"cc",0.0968617704957437,0.161538733573749,NA,NA,NA,NA,FALSE,FALSE,TRUE,TRUE,FALSE,TRUE,TRUE
"1207",524,4,NA,"placebo","Licensed",129,54,NA,NA,128,13.1,7.52,0,0,0,0,"cc",0,NA,0,NA,0,NA,TRUE,FALSE,TRUE,TRUE,FALSE,TRUE,TRUE
"1204",524,4,NA,"vilazodone","Low",120,53,NA,NA,120,13,7.52,20,20,20,10,"cc",0.0536285285674735,0.145949209415437,NA,NA,NA,NA,TRUE,FALSE,TRUE,TRUE,FALSE,TRUE,TRUE
"1206",524,4,NA,"citalopram","Licensed",117,53,NA,NA,115,12.3,7.52,20,20,1.2,20,"cc",0.0789463365517634,0.145215345316243,NA,NA,NA,NA,TRUE,FALSE,TRUE,TRUE,FALSE,TRUE,TRUE
"1205",524,4,NA,"vilazodone","Licensed",123,56,NA,NA,121,12.6,7.52,40,40,40,20,"cc",0.0839956931601293,0.143156006127414,NA,NA,NA,NA,TRUE,FALSE,TRUE,TRUE,FALSE,TRUE,TRUE
"1213",526,4,NA,"placebo","Licensed",128,62,31,2,128,12.2,7.52,0,0,0,0,"cc",0,NA,0,NA,0,NA,TRUE,FALSE,FALSE,FALSE,FALSE,FALSE,FALSE
"1210",526,4,NA,"vilazodone","Extremely low",140,63,28,5,140,13,7.52,10,10,10,5,"cc",-0.073611817343246,0.130562977096202,-0.191394852999629,0.23025419233438,0.826678573184468,0.827674237159248,TRUE,FALSE,FALSE,FALSE,FALSE,FALSE,FALSE
"1211",526,4,NA,"vilazodone","Low",133,70,28,4,133,11.7,7.52,20,20,20,10,"cc",0.0830419927021309,0.122814695990739,-0.140101558612079,0.22943638167896,0.654828316257809,0.857128171866681,TRUE,FALSE,FALSE,FALSE,FALSE,FALSE,FALSE
"1212",526,4,NA,"vilazodone","Licensed",132,63,42,4,132,12.6,7.52,40,40,40,20,"cc",-0.0147713173203125,0.128894493890634,0.272910755131468,0.201691176678345,0.662375521893192,0.85709494364641,TRUE,FALSE,FALSE,FALSE,FALSE,FALSE,FALSE
"1215",527,2,2013,"placebo","Licensed",258,91,50,13,252,20.1,11.11,0,0,0,0,"cc",0,NA,0,NA,0,NA,FALSE,FALSE,FALSE,FALSE,FALSE,FALSE,FALSE
"1214",527,2,2013,"vilazodone","Licensed",260,146,48,16,253,14.6,11.13,80,80,80,40,"cc",0.465025069097576,0.100579337933306,-0.0485440406141654,0.18196486060482,0.199917318684334,0.362906260740532,FALSE,FALSE,FALSE,FALSE,FALSE,FALSE,FALSE
"1219",528,4,2013,"placebo","Licensed",290,125,80,7,281,-14.31,9.96,0,0,0,0,"cc",0,NA,0,NA,0,NA,TRUE,FALSE,FALSE,FALSE,FALSE,FALSE,FALSE
"1216",528,4,2013,"vilazodone","Low",292,155,93,20,288,-16.46,9.96,34,34,34,17,"cc",0.208238500329184,0.0870556115762233,0.143699979191612,0.127983416018356,1.04294924521092,0.431258865950403,TRUE,FALSE,FALSE,FALSE,FALSE,FALSE,FALSE
"1218",528,4,2013,"citalopram","Licensed",289,151,89,17,280,-16.5,9.96,40,40,2.4,40,"cc",0.192420334380711,0.0878295683797073,0.110063969926346,0.129720744608,0.89075742986899,0.441330022539122,TRUE,FALSE,FALSE,FALSE,FALSE,FALSE,FALSE
"1217",528,4,2013,"vilazodone","Licensed",291,164,102,25,284,-17.35,9.96,60,60,60,30,"cc",0.268110346330925,0.0849285523054662,0.239503834419417,0.124174150247626,1.26952333162191,0.419490692242671,TRUE,FALSE,FALSE,FALSE,FALSE,FALSE,FALSE
"1221",529,2,2013,"placebo","Licensed",253,NA,NA,NA,253,-11,9.96,0,0,0,0,"cc",0,NA,0,NA,0,NA,FALSE,TRUE,TRUE,TRUE,TRUE,TRUE,TRUE
"1220",529,2,2013,"vilazodone","Licensed",255,NA,NA,NA,255,-16.1,9.96,80,80,80,40,"cc",NA,NA,NA,NA,NA,NA,FALSE,TRUE,TRUE,TRUE,TRUE,TRUE,TRUE
"1222",530,4,2007,"placebo","Licensed",105,42,18,4,105,-12.23,9.22,0,0,0,0,"cc",0,NA,0,NA,0,NA,TRUE,FALSE,FALSE,FALSE,FALSE,FALSE,FALSE
"1223",530,4,2007,"vortioxetine","Licensed",109,78,11,3,108,-17.51,9.25,10,10,10,5,"cc",0.581651676334603,0.133910101111237,-0.529864017169414,0.357444436261402,-0.325069604523401,0.75142212629315,TRUE,FALSE,FALSE,FALSE,FALSE,FALSE,FALSE
"1224",530,4,2007,"vortioxetine","Licensed",101,69,19,7,100,-17.57,9.2,20,20,20,10,"cc",0.535276719630155,0.137395334017909,0.0929070545865397,0.297930083878927,0.598455621251687,0.611091108783562,TRUE,FALSE,FALSE,FALSE,FALSE,FALSE,FALSE
"1225",530,4,2007,"venlafaxine","Licensed",114,81,20,16,111,-17.32,9.27,60.75,45,45,225,"cc",0.574541438152098,0.133639303625463,0.0231224174208542,0.295397725460411,1.30405626288292,0.542405992455494,TRUE,FALSE,FALSE,FALSE,FALSE,FALSE,FALSE
"1226",531,2,2008,"placebo","Licensed",300,132,64,11,286,-13.87,11.2,0,0,0,0,"cc",0,NA,0,NA,0,NA,FALSE,FALSE,FALSE,FALSE,FALSE,FALSE,FALSE
"1227",531,2,2008,"vortioxetine","Licensed",300,135,56,9,292,-14.61,11.11,10,10,10,5,"cc",0.0224728558520586,0.091194837115367,-0.133531392624523,0.163754316555247,-0.200670695462151,0.441988162006106,FALSE,FALSE,FALSE,FALSE,FALSE,FALSE,FALSE
"1228",532,4,2008,"placebo","Licensed",153,48,33,7,149,-10.5,9.24,0,0,0,0,"cc",0,NA,0,NA,0,NA,TRUE,FALSE,FALSE,FALSE,FALSE,FALSE,FALSE
"1229",532,4,2008,"vortioxetine","Extremely low",153,60,54,7,146,-12.04,8.99,5,5,5,2.5,"cc",0.22314355131421,0.15629492818119,0.492476485097794,0.189075787441735,0,0.522151692795733,TRUE,FALSE,FALSE,FALSE,FALSE,FALSE,FALSE
"1230",532,4,2008,"vortioxetine","Licensed",153,58,31,12,153,-11.08,9.12,10,10,10,5,"cc",0.189241999638528,0.158122791585658,-0.0625203569813341,0.222461680732486,0.538996500732687,0.461647680342531,TRUE,FALSE,FALSE,FALSE,FALSE,FALSE,FALSE
"1231",532,4,2008,"duloxetine","Licensed",152,76,42,17,149,-13.47,9.15,19.8,19.8,19.8,60,"cc",0.466089729924599,0.144486445694176,0.247719457363047,0.2024787866215,0.893860595547062,0.434241611534487,TRUE,FALSE,FALSE,FALSE,FALSE,FALSE,FALSE
"1232",533,5,2009,"placebo","Licensed",152,68,29,12,145,-13.3,9.87,0,0,0,0,"cc",0,NA,0,NA,0,NA,TRUE,FALSE,FALSE,FALSE,FALSE,FALSE,FALSE
"1233",533,5,2009,"vortioxetine","Extremely low",155,84,25,10,155,-14.4,9.84,5,5,5,2.5,"cc",0.191764497594237,0.116533617407408,-0.167964601191244,0.247895539187463,-0.201866152866925,0.412677565493554,TRUE,FALSE,FALSE,FALSE,FALSE,FALSE,FALSE
"1234",533,5,2009,"vortioxetine","Licensed",159,87,37,18,155,-15,9.96,10,10,10,5,"cc",0.201376732104522,0.115463759171364,0.198598401283795,0.220548248923439,0.360441426734209,0.354993849727523,TRUE,FALSE,FALSE,FALSE,FALSE,FALSE,FALSE
"1236",533,5,2009,"duloxetine","Licensed",157,85,44,19,149,-15.7,9.89,19.8,19.8,19.8,60,"cc",0.190778266812178,0.116285055425367,0.384528519429755,0.210384546076819,0.427167044876409,0.350737135417236,TRUE,FALSE,FALSE,FALSE,FALSE,FALSE,FALSE
"1235",533,5,2009,"vortioxetine","Licensed",153,87,36,15,151,-14.9,9.83,20,20,20,10,"cc",0.239843012932318,0.114390734527168,0.209665707923477,0.221688162330847,0.216586150768051,0.369979870964841,TRUE,FALSE,FALSE,FALSE,FALSE,FALSE,FALSE
"1237",534,4,2009,"placebo","Licensed",140,32,13,2,128,-11.3,8.35,0,0,0,0,"cc",0,NA,0,NA,0,NA,TRUE,FALSE,FALSE,FALSE,FALSE,FALSE,FALSE
"1238",534,4,2009,"vortioxetine","Extremely low",140,66,13,3,124,-14.82,8.3,2,2,2,1,"cc",0.723918839226699,0.179208819163011,0,0.373577889549742,0.405465108108164,0.905012496625112,TRUE,FALSE,FALSE,FALSE,FALSE,FALSE,FALSE
"1239",534,4,2009,"vortioxetine","Licensed",140,63,11,1,129,-15.42,8.44,10,10,10,5,"cc",0.677398823591806,0.181210655280813,-0.167054084663166,0.391850039615225,-0.693147180559945,1.21889880044009,TRUE,FALSE,FALSE,FALSE,FALSE,FALSE,FALSE
"1240",534,4,2009,"vortioxetine","Licensed",140,69,18,5,122,-16.23,8.34,20,20,20,10,"cc",0.768370601797533,0.177361324243687,0.325422400434628,0.343791969354897,0.916290731874155,0.828078671210825,TRUE,FALSE,FALSE,FALSE,FALSE,FALSE,FALSE
"1241",535,3,2010,"placebo","Licensed",145,51,17,6,129,-10.8,7.95,0,0,0,0,"cc",0,NA,0,NA,0,NA,FALSE,FALSE,FALSE,FALSE,FALSE,FALSE,FALSE
"1242",535,3,2010,"vortioxetine","Licensed",156,82,20,10,137,-14.7,8.19,10,10,10,5,"cc",0.401771349710965,0.136000577035835,0.0893966646688122,0.309057796014549,0.437703358937028,0.503348645108212,FALSE,FALSE,FALSE,FALSE,FALSE,FALSE,FALSE
"1243",535,3,2010,"duloxetine","Licensed",151,93,23,15,128,-17,7.92,19.8,19.8,19.8,60,"cc",0.56022776603458,0.129774662507242,0.261734777478584,0.297964296520406,0.875744637479805,0.468843540056706,FALSE,FALSE,FALSE,FALSE,FALSE,FALSE,FALSE
"1244",536,4,2011,"placebo","Licensed",158,51,25,7,158,-11.7,9.55,0,0,0,0,"cc",0,NA,0,NA,0,NA,TRUE,FALSE,FALSE,FALSE,FALSE,FALSE,FALSE
"1247",536,4,2011,"duloxetine","Licensed",147,108,16,7,146,-21.15,9.3,19.8,19.8,19.8,60,"cc",0.822468040648125,0.125440294100533,-0.374124656380189,0.29894508690981,0.0721624462482304,0.522094292922073,TRUE,FALSE,FALSE,FALSE,FALSE,FALSE,FALSE
"1245",536,4,2011,"vortioxetine","Licensed",152,85,35,10,149,-17.23,9.64,30,30,30,15,"cc",0.549540135946681,0.135884096667477,0.375186748801903,0.235930852749183,0.395389456119423,0.479530063254298,TRUE,FALSE,FALSE,FALSE,FALSE,FALSE,FALSE
"1246",536,4,2011,"vortioxetine","Licensed",151,93,26,17,151,-18.79,9.58,40,40,40,20,"cc",0.646089056640973,0.131942793774256,0.0845359093653236,0.255949033952458,0.932618391212945,0.434429559064028,TRUE,FALSE,FALSE,FALSE,FALSE,FALSE,FALSE
"1248",537,3,2012,"placebo","Licensed",157,44,18,2,139,-10.77,9.51,0,0,0,0,"cc",0,NA,0,NA,0,NA,TRUE,FALSE,FALSE,FALSE,FALSE,FALSE,FALSE
"1249",537,3,2012,"vortioxetine","Licensed",155,52,31,9,124,-12.96,9.26,20,20,20,10,"cc",0.179874773092228,0.170695642308829,0.556436135018043,0.273847732174043,1.51689808520534,0.773492127598137,TRUE,FALSE,FALSE,FALSE,FALSE,FALSE,FALSE
"1250",537,3,2012,"vortioxetine","Licensed",150,58,28,7,122,-14.41,9.33,40,40,40,20,"cc",0.32186388788021,0.16411142135561,0.487443263531092,0.279702963608865,1.29837347974742,0.793612657055622,TRUE,FALSE,FALSE,FALSE,FALSE,FALSE,FALSE
"1251",538,4,2012,"placebo","Licensed",161,60,32,4,129,-12.83,9.47,0,0,0,0,"cc",0,NA,0,NA,0,NA,TRUE,FALSE,FALSE,FALSE,FALSE,FALSE,FALSE
"1254",538,4,2012,"duloxetine","Licensed",152,80,37,10,115,-16.9,9.48,19.8,19.8,19.8,60,"cc",0.345205916589968,0.127970852829939,0.202705853982685,0.213276579901269,0.973814576012342,0.58069774625648,TRUE,FALSE,FALSE,FALSE,FALSE,FALSE,FALSE
"1252",538,4,2012,"vortioxetine","Licensed",147,64,34,14,113,-14.3,9.46,30,30,30,15,"cc",0.155510299343298,0.138844392951274,0.151596400022162,0.218283905712774,1.34373474670109,0.555350943292539,TRUE,FALSE,FALSE,FALSE,FALSE,FALSE,FALSE
"1253",538,4,2012,"vortioxetine","Licensed",154,65,41,14,112,-15.57,9.31,40,40,40,20,"cc",0.12449447024437,0.139092039432715,0.292287926475415,0.207208970087467,1.2972147310662,0.555629269217201,TRUE,FALSE,FALSE,FALSE,FALSE,FALSE,FALSE
"1255",539,3,2012,"placebo","Licensed",160,49,27,6,126,-12.87,11.71,0,0,0,0,"cc",0,NA,0,NA,0,NA,TRUE,FALSE,FALSE,FALSE,FALSE,FALSE,FALSE
"1256",539,3,2012,"vortioxetine","Licensed",157,54,26,8,123,-13.66,11.8,20,20,20,10,"cc",0.116091758339167,0.162195114082491,-0.0188123180973283,0.250757150938878,0.3066100823373,0.528249221405081,TRUE,FALSE,FALSE,FALSE,FALSE,FALSE,FALSE
"1257",539,3,2012,"vortioxetine","Licensed",152,53,31,12,113,-13.36,11.55,30,30,30,15,"cc",0.129764909829046,0.162625768023358,0.189443632868368,0.237626080607212,0.744440474947496,0.487002107420059,TRUE,FALSE,FALSE,FALSE,FALSE,FALSE,FALSE
"1260",540,3,2012,"placebo","Licensed",124,49,11,6,122,-8.4,6.38,0,0,0,0,"cc",0,NA,0,NA,0,NA,TRUE,FALSE,FALSE,FALSE,FALSE,FALSE,FALSE
"1258",540,3,2012,"vortioxetine","Licensed",119,61,7,3,119,-9.56,6.39,10,10,10,5,"cc",0.260211638556192,0.142596382894823,-0.41082705124955,0.46615271777891,-0.651989108066438,0.695364740640788,TRUE,FALSE,FALSE,FALSE,FALSE,FALSE,FALSE
"1259",540,3,2012,"vortioxetine","Licensed",123,56,10,4,121,-8.54,6.38,20,20,20,10,"cc",0.141628602857142,0.148562137479924,-0.0872129695717056,0.41798862840901,-0.397367897875545,0.632828625487834,TRUE,FALSE,FALSE,FALSE,FALSE,FALSE,FALSE
"1261",541,4,2012,"placebo","Licensed",152,59,16,6,150,-13.99,9.59,0,0,0,0,"cc",0,NA,0,NA,0,NA,TRUE,FALSE,FALSE,FALSE,FALSE,FALSE,FALSE
"1262",541,4,2012,"vortioxetine","Licensed",144,70,17,2,142,-14.61,9.59,10,10,10,5,"cc",0.225025019413915,0.133084465717159,0.114691843086711,0.328329312731744,-1.04454506739783,0.80817280012,TRUE,FALSE,FALSE,FALSE,FALSE,FALSE,FALSE
"1263",541,4,2012,"vortioxetine","Licensed",150,80,18,9,147,-15.68,9.59,20,20,20,10,"cc",0.317734417518183,0.127293120424024,0.131028262406404,0.323743635490287,0.418710334858185,0.514326903576597,TRUE,FALSE,FALSE,FALSE,FALSE,FALSE,FALSE
"1264",541,4,2012,"vortioxetine","Licensed",154,76,22,9,149,-15.82,9.59,40,40,40,20,"cc",0.240123814813259,0.130516640384617,0.305381649551182,0.3080293680684,0.392393026540812,0.514495212723938,TRUE,FALSE,FALSE,FALSE,FALSE,FALSE,FALSE
"1265",542,3,2013,"placebo","Licensed",198,57,35,8,165,-10.85,8.22,0,0,0,0,"cc",0,NA,0,NA,0,NA,TRUE,FALSE,FALSE,FALSE,FALSE,FALSE,FALSE
"1266",542,3,2013,"vortioxetine","Licensed",197,92,24,7,174,-15.56,8.31,20,20,20,10,"cc",0.483800611171037,0.135228612667695,-0.372230929184921,0.245176361127272,-0.128468090667976,0.507671641589973,TRUE,FALSE,FALSE,FALSE,FALSE,FALSE,FALSE
"1267",542,3,2013,"vortioxetine","Licensed",207,120,29,11,181,-17.55,8.34,40,40,40,20,"cc",0.699988712376662,0.126474384985874,-0.232503994073773,0.230592203396422,0.274001968547701,0.453902707619364,TRUE,FALSE,FALSE,FALSE,FALSE,FALSE,FALSE
"1268",543,2,2013,"vortioxetine","Licensed",213,139,38,14,209,-19.36,10.12,20,20,20,10,"cc",0,NA,0,NA,0,NA,FALSE,FALSE,FALSE,FALSE,FALSE,FALSE,FALSE
"1269",543,2,2013,"venlafaxine","Licensed",230,132,62,32,215,-18.16,9.97,40.5,30,30,150,"cc",-0.128459153758091,0.0756791940520407,0.412761082104936,0.182762578128131,0.749891429970698,0.305999852386997,FALSE,FALSE,FALSE,FALSE,FALSE,FALSE,FALSE
"1272",544,NA,2014,"placebo","Licensed",194,69,30,6,167,-12.5,9.05,0,0,0,0,"cc",0,NA,0,NA,0,NA,FALSE,FALSE,FALSE,FALSE,FALSE,FALSE,FALSE
"1271",544,NA,2014,"duloxetine","Licensed",210,102,34,12,187,-15.8,9.57,19.8,19.8,19.8,60,"cc",0.311616937032871,0.119917184984694,0.0459137712998654,0.229844630352882,0.613897808905805,0.489983118140653,FALSE,FALSE,FALSE,FALSE,FALSE,FALSE,FALSE
